hh,sex,age,lga,edu,mrt_status,fmly_size,m_income,cfuel,ipollut,rbiomass,dailycook,avl_lpg,aff_lpg,Electricity,hrs_elect,aff_elct,exp_elct,source_light,exp_lpg,exp_nonlpg,aff_solide,hh_appl,edu_appl,c_appl,occupation,hh_exp,housing,wall,floor,rooms,bank,bank_acct,b_facility,road,raod_dist,schl,type_sch,dst_sch,sch_days,sch_drpout,chld_labor,h_facility,dist_hfacility,illiness,waterborne,resp_disease,eye_disease,child_death,maternalcare,square_meal,health_ins,rooms_per_person,people_per_room
1.0,1,3.0,1,6,1,4,4,6,1,2.0,2.0,1,2,1.0,12.0,2.0,10000.0,1.0,0.0,4500.0,2,1,1,1,1,60000.0,3.0,3.0,3.0,2.0,1.0,1.0,2.0,1.0,1,1,1.0,0.5,5,2,0.0,1.0,1.0,2.0,0,0.0,0,0,2.0,3.0,1.0,0.4,1.3333333333333333
2.0,1,3.0,1,7,1,7,7,6,1,2.0,3.0,1,2,1.0,8.0,2.0,10000.0,1.0,12000.0,0.0,2,1,1,1,1,150000.0,2.0,3.0,3.0,3.0,1.0,1.0,1.0,1.0,1,1,1.0,0.5,5,2,0.0,1.0,0.5,5.0,2,0.0,0,0,2.0,3.0,1.0,0.375,1.75
3.0,1,3.0,1,6,1,5,5,6,1,2.0,3.0,1,2,1.0,4.0,2.0,2000.0,2.0,0.0,500.0,5,1,1,1,1,60000.0,3.0,3.0,2.0,4.0,1.0,1.0,1.0,1.0,1,1,1.0,0.5,5,2,0.0,1.0,0.5,2.0,0,0.0,0,0,2.0,3.0,1.0,0.6666666666666666,1.0
4.0,1,3.0,1,6,1,6,3,6,1,2.0,3.0,1,2,1.0,16.0,2.0,5000.0,1.0,5000.0,2000.0,2,1,1,1,1,70000.0,3.0,3.0,3.0,4.0,1.0,1.0,1.0,1.0,1,1,1.0,2.0,5,2,0.0,1.0,0.5,4.0,0,0.0,0,2,2.0,2.0,1.0,0.5714285714285714,1.2
5.0,1,4.0,1,5,1,10,7,6,1,3.0,3.0,1,2,1.0,5.0,2.0,10000.0,1.0,14000.0,14000.0,2,1,1,2,1,60000.0,3.0,2.0,3.0,5.0,1.0,1.0,2.0,1.0,2,1,1.0,0.5,5,2,0.0,1.0,3.0,10.0,2,0.0,0,0,1.0,3.0,1.0,0.45454545454545453,1.6666666666666667
6.0,1,3.0,1,6,1,4,7,4,1,2.0,2.0,1,4,1.0,6.0,2.0,5000.0,5.0,7000.0,2000.0,3,1,1,1,1,180000.0,2.0,3.0,2.0,3.0,1.0,1.0,1.0,1.0,1,1,1.0,2.0,4,2,0.0,1.0,1.0,2.0,0,0.0,0,1,2.0,3.0,1.0,0.6,1.0
7.0,1,3.0,1,4,1,4,2,6,1,3.0,2.0,1,1,1.0,6.0,2.0,5000.0,1.0,8000.0,2500.0,1,1,1,1,1,80000.0,2.0,3.0,2.0,6.0,1.0,1.0,1.0,1.0,1,1,1.0,2.0,5,2,0.0,1.0,1.0,3.0,0,0.0,0,0,2.0,3.0,1.0,1.2,0.5714285714285714
8.0,1,3.0,1,6,1,7,7,6,1,4.0,3.0,1,1,1.0,1.0,1.0,2000.0,2.0,10000.0,200.0,1,1,1,1,1,500000.0,3.0,3.0,3.0,4.0,1.0,1.0,1.0,1.0,1,1,1.0,0.5,5,2,0.0,1.0,0.5,3.0,0,0.0,0,0,2.0,3.0,1.0,0.5,1.4
9.0,1,3.0,1,2,1,6,4,4,2,2.0,3.0,1,4,1.0,5.0,2.0,2000.0,5.0,20000.0,4000.0,3,1,1,1,1,120000.0,2.0,3.0,2.0,3.0,1.0,1.0,1.0,1.0,1,1,1.0,0.4,5,1,0.0,1.0,13.0,6.0,0,0.0,2,1,2.0,3.0,1.0,0.42857142857142855,1.5
10.0,1,3.0,1,4,1,10,3,3,1,3.0,2.0,2,4,1.0,2.0,2.0,3000.0,1.0,12000.0,12000.0,3,1,1,1,1,120000.0,1.0,2.0,2.0,3.0,1.0,1.0,1.0,1.0,3,1,1.0,0.5,4,2,0.0,1.0,9.0,3.0,1,4.0,5,1,1.0,2.0,1.0,0.2727272727272727,2.5
11.0,1,4.0,1,6,1,6,3,6,1,2.0,3.0,1,1,1.0,5.0,1.0,2000.0,2.0,12000.0,500.0,1,1,1,1,1,15000.0,2.0,3.0,3.0,4.0,1.0,1.0,1.0,1.0,1,1,1.0,1.0,5,2,0.0,1.0,0.5,4.0,4,0.0,0,0,2.0,4.0,1.0,0.5714285714285714,1.2
12.0,1,4.0,1,6,1,6,5,6,1,2.0,3.0,1,2,1.0,20.0,2.0,2000.0,1.0,0.0,0.0,2,1,1,1,1,60000.0,2.0,3.0,3.0,4.0,1.0,1.0,2.0,1.0,1,1,2.0,1.0,5,2,0.0,1.0,3.0,4.0,2,0.0,0,0,2.0,3.0,1.0,0.5714285714285714,1.2
13.0,1,4.0,1,6,1,5,4,6,1,3.0,3.0,1,2,1.0,5.0,2.0,3000.0,1.0,7500.0,980.0,2,1,1,2,1,200000.0,2.0,2.0,2.0,3.0,1.0,1.0,1.0,1.0,1,1,1.0,0.5,5,2,0.0,1.0,0.5,3.0,3,0.0,0,0,2.0,3.0,1.0,0.5,1.25
14.0,1,4.0,1,2,1,5,5,5,1,2.0,2.0,2,2,1.0,12.0,1.0,2000.0,1.0,6000.0,3000.0,2,1,1,2,1,70000.0,1.0,2.0,2.0,2.0,1.0,1.0,2.0,1.0,1,1,2.0,0.5,5,2,0.0,1.0,0.5,4.0,2,0.0,0,0,2.0,3.0,1.0,0.3333333333333333,1.6666666666666667
15.0,1,5.0,1,6,1,3,4,6,1,2.0,3.0,1,2,1.0,12.0,2.0,5000.0,1.0,5000.0,2000.0,2,1,1,1,1,150000.0,1.0,3.0,2.0,8.0,1.0,1.0,1.0,1.0,1,1,2.0,0.5,5,2,0.0,1.0,0.5,2.0,0,0.0,0,0,2.0,3.0,1.0,2.0,0.3333333333333333
16.0,1,4.0,1,6,1,5,7,6,1,2.0,2.0,1,2,1.0,7.0,2.0,5000.0,1.0,13200.0,5000.0,2,1,1,1,1,60000.0,3.0,3.0,2.0,4.0,1.0,1.0,1.0,1.0,1,1,1.0,0.5,5,2,0.0,1.0,0.5,3.0,3,0.0,0,1,2.0,3.0,1.0,0.6666666666666666,1.0
17.0,1,3.0,1,6,1,5,6,6,1,1.0,3.0,1,2,1.0,4.0,1.0,5000.0,2.0,20000.0,200.0,2,1,1,2,2,100000.0,2.0,3.0,3.0,4.0,1.0,1.0,1.0,1.0,2,1,1.0,0.5,5,2,0.0,1.0,1.0,2.0,2,0.0,0,0,2.0,3.0,2.0,0.6666666666666666,1.0
18.0,1,2.0,1,2,2,5,1,1,2,2.0,1.0,2,5,1.0,3.0,2.0,0.0,1.0,0.0,209.0,2,2,2,1,1,1000.0,3.0,3.0,2.0,3.0,2.0,2.0,1.0,2.0,2,1,3.0,3.0,3,1,3.0,2.0,2.0,3.0,2,1.0,2,1,2.0,2.0,2.0,0.5,1.25
19.0,1,2.0,1,2,2,12,1,4,2,2.0,1.0,2,4,1.0,1.0,2.0,5000.0,1.0,3000.0,4500.0,3,1,1,1,2,50000.0,1.0,2.0,2.0,7.0,2.0,1.0,2.0,1.0,2,1,2.0,2.0,5,1,2.0,1.0,3.0,7.0,4,2.0,1,2,2.0,2.0,2.0,0.5384615384615384,1.5
20.0,1,4.0,1,6,1,6,4,6,1,2.0,2.0,1,2,1.0,8.0,1.0,5000.0,1.0,12500.0,0.0,2,1,1,2,1,60000.0,2.0,3.0,3.0,3.0,1.0,1.0,1.0,1.0,2,1,1.0,0.5,5,2,0.0,1.0,0.5,2.0,0,0.0,0,0,2.0,3.0,1.0,0.42857142857142855,1.5
21.0,1,3.0,1,4,1,10,4,4,1,1.0,3.0,1,4,1.0,12.0,1.0,5000.0,1.0,6000.0,9000.0,3,1,1,1,1,150000.0,2.0,3.0,2.0,3.0,1.0,1.0,2.0,1.0,1,1,1.0,1.0,4,2,0.0,1.0,3.0,3.0,1,0.0,3,0,2.0,3.0,1.0,0.2727272727272727,2.5
22.0,1,4.0,1,6,1,7,7,6,1,2.0,3.0,1,2,1.0,6.0,2.0,4000.0,1.0,12000.0,3000.0,2,1,1,1,1,150000.0,2.0,3.0,2.0,3.0,1.0,1.0,1.0,1.0,1,1,1.0,0.5,5,2,0.0,1.0,1.0,2.0,0,0.0,0,0,2.0,3.0,1.0,0.375,1.75
23.0,1,3.0,1,5,1,8,7,6,1,2.0,2.0,1,2,1.0,6.0,2.0,2000.0,1.0,0.0,4500.0,2,1,1,1,1,60000.0,2.0,3.0,3.0,4.0,1.0,1.0,2.0,1.0,1,1,1.0,6.0,6,2,0.0,1.0,4.0,3.0,0,0.0,0,0,2.0,3.0,2.0,0.4444444444444444,1.6
34.0,1,6.0,1,3,1,30,3,1,2,2.0,3.0,2,5,1.0,0.0,2.0,5000.0,1.0,6500.0,9000.0,2,2,1,1,1,140000.0,1.0,3.0,2.0,6.0,1.0,2.0,1.0,1.0,3,1,2.0,2.0,4,1,0.0,1.0,2.0,6.0,1,1.0,1,2,1.0,3.0,1.0,0.1935483870967742,4.285714285714286
25.0,1,3.0,1,6,1,6,5,6,1,3.0,2.0,1,2,1.0,10.0,2.0,3000.0,1.0,11800.0,1500.0,2,1,1,1,1,130000.0,2.0,2.0,3.0,5.0,1.0,1.0,1.0,1.0,1,1,2.0,1.0,5,2,2.0,1.0,2.0,4.0,0,0.0,0,0,1.0,6.0,1.0,0.7142857142857143,1.0
26.0,1,3.0,1,6,1,4,7,6,1,2.0,2.0,1,2,1.0,10.0,2.0,10000.0,1.0,20000.0,2000.0,2,1,1,1,1,200000.0,3.0,3.0,3.0,3.0,1.0,1.0,2.0,1.0,2,1,1.0,2.0,5,2,8.0,1.0,2.0,3.0,3,0.0,0,0,2.0,3.0,1.0,0.6,1.0
27.0,1,4.0,1,5,1,7,6,6,1,2.0,3.0,1,2,1.0,2.0,2.0,2000.0,2.0,0.0,1500.0,2,1,1,1,1,60000.0,4.0,3.0,3.0,3.0,1.0,1.0,1.0,1.0,1,1,1.0,1.0,5,2,0.0,1.0,1.0,5.0,5,0.0,0,0,2.0,3.0,1.0,0.375,1.75
28.0,1,4.0,1,3,1,7,2,4,2,3.0,3.0,1,4,1.0,8.0,2.0,5000.0,1.0,6000.0,3000.0,3,1,1,1,1,80000.0,1.0,3.0,2.0,7.0,1.0,1.0,1.0,1.0,1,1,3.0,0.5,5,1,0.0,1.0,0.5,7.0,0,0.0,0,2,1.0,3.0,1.0,0.875,0.875
29.0,1,4.0,1,5,1,3,6,6,1,3.0,3.0,1,2,1.0,6.0,2.0,7000.0,5.0,13000.0,1000.0,2,1,1,1,1,200000.0,1.0,3.0,3.0,7.0,1.0,1.0,1.0,1.0,1,1,1.0,2.0,5,2,0.0,1.0,0.5,3.0,4,0.0,0,0,2.0,3.0,1.0,1.75,0.375
30.0,1,3.0,1,5,1,5,7,6,1,2.0,3.0,1,2,1.0,2.0,2.0,5000.0,2.0,13750.0,3000.0,2,1,1,1,1,60000.0,2.0,3.0,3.0,3.0,1.0,1.0,1.0,1.0,2,1,1.0,1.0,5,2,0.0,1.0,0.2,3.0,0,0.0,0,0,2.0,3.0,1.0,0.5,1.25
31.0,1,4.0,1,4,1,6,1,4,2,2.0,3.0,2,5,1.0,2.0,2.0,5000.0,1.0,0.0,24000.0,2,1,2,1,1,60000.0,1.0,2.0,2.0,4.0,2.0,2.0,2.0,1.0,3,1,2.0,12.0,5,1,0.0,1.0,1.0,3.0,0,0.0,0,2,2.0,3.0,1.0,0.5714285714285714,1.2
32.0,1,4.0,1,5,1,6,4,6,1,2.0,3.0,1,2,1.0,8.0,2.0,5000.0,1.0,13500.0,4500.0,2,1,1,1,1,150000.0,3.0,3.0,2.0,3.0,2.0,1.0,1.0,1.0,2,1,1.0,0.5,5,2,0.0,2.0,3.0,6.0,5,0.0,0,0,2.0,3.0,1.0,0.42857142857142855,1.5
33.0,1,3.0,1,6,1,4,3,6,1,2.0,3.0,1,2,2.0,0.0,2.0,2000.0,2.0,0.0,5000.0,2,1,1,1,1,60000.0,3.0,3.0,3.0,3.0,1.0,1.0,2.0,1.0,1,1,4.0,0.0,5,2,0.0,1.0,1.0,1.0,0,0.0,0,0,2.0,3.0,2.0,0.6,1.0
34.0,1,3.0,1,5,1,1,2,6,1,2.0,2.0,1,2,1.0,5.0,2.0,5000.0,1.0,6300.0,0.0,2,1,1,1,1,60000.0,4.0,3.0,2.0,3.0,2.0,1.0,1.0,1.0,1,1,4.0,0.02,0,2,0.0,1.0,0.4,1.0,2,1.0,0,0,2.0,3.0,1.0,1.5,0.25
35.0,1,3.0,1,2,1,7,6,1,1,2.0,3.0,2,5,1.0,6.0,2.0,7000.0,1.0,12000.0,5000.0,2,1,1,2,1,60000.0,2.0,3.0,2.0,11.0,1.0,2.0,1.0,1.0,1,1,1.0,3.0,4,1,0.0,1.0,0.2,2.0,0,0.0,0,0,2.0,3.0,2.0,1.375,0.5833333333333334
36.0,1,3.0,1,5,1,5,7,6,1,2.0,3.0,1,3,1.0,4.0,2.0,2000.0,2.0,0.0,12000.0,3,1,1,1,1,120000.0,2.0,3.0,2.0,5.0,1.0,1.0,2.0,1.0,1,1,1.0,0.3,5,2,0.0,1.0,0.5,2.0,1,0.0,0,1,2.0,3.0,2.0,0.8333333333333334,0.8333333333333334
37.0,1,3.0,1,3,1,3,3,4,1,2.0,2.0,1,5,1.0,3.0,2.0,2000.0,2.0,0.0,0.0,2,1,1,1,2,7000.0,2.0,3.0,2.0,4.0,2.0,1.0,2.0,1.0,1,1,4.0,0.2,4,2,0.0,1.0,1.0,0.0,0,0.0,0,0,2.0,3.0,2.0,1.0,0.6
38.0,1,3.0,1,1,1,6,3,4,2,2.0,2.0,1,5,1.0,3.0,2.0,2000.0,4.0,0.0,0.0,2,1,2,1,6,40000.0,3.0,3.0,2.0,2.0,1.0,2.0,2.0,1.0,1,1,2.0,0.3,4,2,0.0,1.0,0.5,5.0,5,0.0,1,2,2.0,2.0,2.0,0.2857142857142857,2.0
39.0,1,5.0,1,1,1,12,2,3,2,2.0,2.0,1,5,1.0,8.0,2.0,5000.0,1.0,0.0,3000.0,2,1,1,2,6,40000.0,1.0,2.0,2.0,3.0,1.0,2.0,2.0,1.0,1,1,2.0,0.3,4,1,0.0,1.0,0.5,6.0,5,0.0,3,0,1.0,3.0,2.0,0.23076923076923078,3.0
40.0,1,4.0,1,2,1,7,2,4,2,2.0,2.0,1,4,1.0,4.0,2.0,2000.0,1.0,0.0,6000.0,3,1,1,1,1,60000.0,3.0,3.0,2.0,3.0,1.0,1.0,2.0,1.0,1,1,2.0,1.0,5,2,0.0,1.0,1.0,4.0,0,0.0,2,0,2.0,3.0,1.0,0.375,1.75
41.0,1,5.0,1,1,1,18,7,4,1,2.0,3.0,1,5,1.0,4.0,2.0,2000.0,2.0,0.0,20000.0,2,1,1,1,2,200000.0,2.0,3.0,2.0,5.0,1.0,1.0,2.0,1.0,1,1,2.0,0.3,5,2,0.0,1.0,0.5,6.0,6,0.0,4,3,2.0,3.0,2.0,0.2631578947368421,3.0
42.0,1,5.0,1,1,1,13,2,4,1,2.0,2.0,1,5,1.0,6.0,2.0,2000.0,1.0,0.0,10000.0,2,1,1,1,6,60000.0,2.0,3.0,2.0,3.0,1.0,1.0,2.0,1.0,1,1,2.0,0.2,5,1,0.0,1.0,0.5,5.0,5,0.0,0,3,2.0,3.0,2.0,0.21428571428571427,3.25
43.0,1,5.0,1,1,1,7,3,3,1,2.0,3.0,2,5,1.0,12.0,2.0,2000.0,1.0,0.0,5000.0,2,1,2,1,2,70000.0,3.0,3.0,2.0,4.0,1.0,2.0,2.0,1.0,1,1,2.0,0.3,4,2,0.0,1.0,0.5,4.0,4,0.0,0,3,2.0,3.0,2.0,0.5,1.4
44.0,1,4.0,1,2,1,9,4,4,2,2.0,2.0,1,5,1.0,8.0,2.0,2000.0,1.0,0.0,5000.0,2,1,1,1,6,105000.0,1.0,3.0,2.0,3.0,1.0,1.0,1.0,1.0,1,1,2.0,0.3,5,2,0.0,1.0,0.5,7.0,5,0.0,1,2,2.0,3.0,2.0,0.3,2.25
45.0,1,4.0,1,4,1,10,2,3,1,2.0,3.0,2,5,1.0,4.0,2.0,2000.0,1.0,0.0,4500.0,2,1,1,1,1,90000.0,3.0,3.0,2.0,4.0,1.0,1.0,2.0,1.0,1,1,3.0,1.0,4,2,0.0,1.0,0.5,3.0,3,0.0,1,0,2.0,3.0,1.0,0.36363636363636365,2.0
46.0,1,3.0,1,5,1,2,3,6,1,2.0,2.0,1,3,1.0,4.0,2.0,10000.0,1.0,12000.0,1700.0,4,1,1,1,1,150000.0,2.0,3.0,3.0,5.0,1.0,1.0,2.0,1.0,1,1,2.0,0.7,5,2,0.0,1.0,1.0,0.0,0,0.0,0,0,2.0,3.0,1.0,1.6666666666666667,0.3333333333333333
47.0,1,4.0,1,4,1,12,4,4,2,3.0,3.0,2,4,1.0,11.0,2.0,3000.0,5.0,0.0,0.0,3,2,1,2,1,95000.0,2.0,2.0,2.0,3.0,1.0,1.0,1.0,2.0,3,1,1.0,3.0,5,2,2.0,1.0,1.0,2.0,2,2.0,2,2,2.0,3.0,1.0,0.23076923076923078,3.0
48.0,1,4.0,1,5,1,7,6,6,1,2.0,3.0,1,3,1.0,0.0,2.0,10000.0,2.0,10000.0,0.0,4,1,1,1,1,90000.0,2.0,3.0,3.0,2.0,1.0,1.0,1.0,1.0,1,1,1.0,0.2,5,2,0.0,1.0,2.0,4.0,0,0.0,0,0,2.0,3.0,1.0,0.25,2.3333333333333335
49.0,1,3.0,1,6,1,4,5,6,1,2.0,2.0,1,2,1.0,5.0,2.0,5000.0,1.0,5000.0,500.0,2,1,1,1,1,120000.0,2.0,3.0,3.0,5.0,1.0,1.0,2.0,1.0,1,1,1.0,0.2,5,2,0.0,1.0,0.5,4.0,4,0.0,0,0,2.0,3.0,1.0,1.0,0.6666666666666666
50.0,2,3.0,1,1,1,10,2,4,1,3.0,2.0,1,4,1.0,6.0,2.0,3000.0,1.0,7000.0,20000.0,3,1,2,1,2,50000.0,2.0,3.0,2.0,3.0,1.0,1.0,2.0,1.0,3,2,2.0,0.5,5,2,0.0,1.0,0.5,5.0,8,2.0,0,2,2.0,2.0,2.0,0.2727272727272727,2.5
51.0,1,4.0,1,5,1,9,4,6,1,2.0,2.0,1,2,1.0,8.0,2.0,5000.0,1.0,12000.0,9000.0,2,1,1,1,1,18000.0,1.0,2.0,2.0,3.0,1.0,1.0,2.0,1.0,1,1,3.0,0.2,5,2,0.0,1.0,0.5,0.0,0,0.0,0,0,2.0,3.0,1.0,0.3,2.25
52.0,1,3.0,1,3,1,5,3,4,2,2.0,2.0,1,4,1.0,3.0,2.0,2000.0,1.0,7500.0,0.0,3,1,1,1,6,80000.0,1.0,3.0,2.0,5.0,1.0,1.0,2.0,1.0,1,1,1.0,1.0,5,1,0.0,1.0,1.0,0.0,0,0.0,1,3,2.0,3.0,2.0,0.8333333333333334,0.8333333333333334
53.0,1,4.0,1,3,1,12,7,4,2,2.0,3.0,1,2,1.0,3.0,2.0,2000.0,1.0,0.0,15000.0,2,1,1,1,6,180000.0,2.0,3.0,2.0,3.0,1.0,1.0,2.0,1.0,1,1,2.0,1.0,5,2,0.0,1.0,1.0,5.0,2,0.0,0,2,1.0,3.0,2.0,0.23076923076923078,3.0
54.0,1,4.0,1,3,1,7,4,4,2,2.0,2.0,1,4,1.0,4.0,2.0,2000.0,5.0,0.0,9000.0,3,1,1,1,6,90000.0,1.0,2.0,2.0,3.0,1.0,1.0,2.0,1.0,1,1,2.0,1.0,5,1,0.0,1.0,1.0,3.0,3,0.0,0,2,1.0,3.0,2.0,0.375,1.75
55.0,1,5.0,1,3,1,11,4,4,2,2.0,3.0,1,4,1.0,4.0,2.0,2000.0,5.0,0.0,15500.0,3,1,1,1,2,4000.0,2.0,3.0,2.0,3.0,1.0,1.0,2.0,1.0,1,1,2.0,1.0,4,1,0.0,1.0,1.0,4.0,3,0.0,1,2,2.0,3.0,2.0,0.25,2.75
56.0,1,3.0,1,2,1,8,3,4,2,2.0,3.0,1,4,1.0,5.0,2.0,1000.0,1.0,9000.0,6000.0,3,1,1,1,2,75000.0,3.0,2.0,2.0,4.0,1.0,1.0,2.0,1.0,1,1,2.0,0.1,4,1,0.0,1.0,0.5,4.0,4,0.0,0,2,2.0,3.0,2.0,0.4444444444444444,1.6
57.0,1,3.0,1,2,1,10,4,4,2,2.0,2.0,1,4,1.0,4.0,2.0,1000.0,5.0,0.0,8000.0,3,1,1,1,2,90000.0,3.0,3.0,2.0,2.0,1.0,1.0,2.0,1.0,1,1,2.0,1.0,5,2,0.0,1.0,0.5,1.0,1,0.0,0,2,1.0,2.0,2.0,0.18181818181818182,3.3333333333333335
58.0,1,3.0,1,3,1,6,2,3,2,2.0,2.0,1,4,1.0,4.0,2.0,2000.0,5.0,0.0,6000.0,3,1,1,1,6,60000.0,3.0,2.0,2.0,2.0,1.0,1.0,2.0,1.0,1,1,2.0,0.2,4,1,0.0,1.0,1.0,2.0,2,0.0,0,2,1.0,2.0,2.0,0.2857142857142857,2.0
59.0,1,3.0,1,6,1,6,6,6,1,2.0,3.0,1,2,1.0,12.0,2.0,5000.0,1.0,12500.0,2000.0,2,1,1,1,1,60000.0,2.0,3.0,3.0,7.0,1.0,1.0,1.0,1.0,1,1,1.0,2.0,5,2,0.0,1.0,1.0,2.0,2,0.0,0,0,2.0,3.0,1.0,1.0,0.75
60.0,1,5.0,1,5,1,12,4,4,1,2.0,3.0,1,4,1.0,8.0,2.0,2000.0,1.0,0.0,6000.0,3,1,1,1,1,150000.0,2.0,3.0,3.0,4.0,2.0,1.0,2.0,1.0,1,1,3.0,1.0,5,2,0.0,2.0,0.5,2.0,1,0.0,0,0,2.0,3.0,2.0,0.3076923076923077,2.4
61.0,1,2.0,1,5,1,4,4,6,1,3.0,3.0,1,2,1.0,10.0,2.0,3000.0,1.0,9000.0,1000.0,2,1,1,1,1,60000.0,2.0,3.0,2.0,12.0,1.0,1.0,2.0,1.0,1,1,1.0,0.5,5,2,0.0,1.0,1.0,3.0,1,0.0,0,0,2.0,3.0,1.0,2.4,0.3076923076923077
62.0,1,4.0,1,1,1,10,3,3,1,1.0,2.0,1,2,1.0,8.0,2.0,3000.0,1.0,7000.0,4000.0,2,1,1,1,1,80000.0,2.0,3.0,2.0,3.0,1.0,1.0,1.0,1.0,1,1,2.0,1.0,5,2,0.0,1.0,1.0,7.0,7,0.0,0,0,2.0,3.0,1.0,0.2727272727272727,2.5
63.0,1,3.0,1,7,1,5,7,6,1,2.0,3.0,1,2,1.0,0.0,2.0,2000.0,2.0,12250.0,1700.0,2,1,1,1,1,300000.0,2.0,3.0,3.0,4.0,1.0,1.0,1.0,1.0,1,1,1.0,0.5,5,2,0.0,1.0,4.0,5.0,0,0.0,0,0,2.0,3.0,1.0,0.6666666666666666,1.0
64.0,1,3.0,1,5,4,8,3,6,1,2.0,2.0,1,2,1.0,12.0,2.0,9000.0,2.0,15000.0,3000.0,2,1,1,2,1,150000.0,2.0,3.0,3.0,5.0,1.0,1.0,2.0,1.0,1,1,1.0,0.5,5,2,0.0,1.0,1.0,3.0,3,1.0,0,0,1.0,3.0,1.0,0.5555555555555556,1.3333333333333333
65.0,1,3.0,1,5,2,40,2,4,1,2.0,2.0,1,4,1.0,4.0,2.0,5000.0,1.0,5000.0,2000.0,3,1,1,1,3,45000.0,1.0,2.0,2.0,3.0,1.0,1.0,2.0,1.0,1,1,2.0,0.5,5,2,3.0,1.0,0.5,7.0,7,0.0,2,2,2.0,2.0,2.0,0.07317073170731707,10.0
66.0,1,6.0,1,1,1,2,1,4,1,2.0,1.0,1,5,1.0,4.0,2.0,500.0,2.0,0.0,3000.0,2,2,2,1,6,15000.0,4.0,3.0,2.0,1.0,1.0,2.0,2.0,1.0,1,1,4.0,0.0,0,2,0.0,1.0,0.5,0.0,0,0.0,0,2,2.0,3.0,2.0,0.3333333333333333,1.0
67.0,1,4.0,1,3,1,9,7,4,1,2.0,3.0,1,4,1.0,5.0,2.0,3000.0,2.0,0.0,8000.0,3,1,1,1,3,150000.0,2.0,3.0,3.0,8.0,1.0,1.0,2.0,1.0,1,1,2.0,0.5,5,2,0.0,1.0,0.5,4.0,0,0.0,2,1,2.0,3.0,2.0,0.8,1.0
68.0,1,4.0,1,3,1,10,5,3,1,2.0,3.0,2,4,1.0,4.0,2.0,3000.0,1.0,0.0,6000.0,3,1,1,1,2,120000.0,1.0,3.0,2.0,4.0,1.0,1.0,2.0,1.0,1,1,1.0,0.5,4,1,0.0,1.0,1.0,3.0,3,0.0,2,1,2.0,3.0,2.0,0.36363636363636365,2.0
69.0,1,6.0,1,6,4,6,2,4,1,2.0,2.0,1,5,1.0,6.0,2.0,2000.0,1.0,0.0,4000.0,2,1,2,1,2,50000.0,2.0,3.0,2.0,3.0,1.0,1.0,1.0,1.0,1,1,2.0,0.5,5,1,0.0,1.0,0.5,1.0,1,0.0,0,0,2.0,3.0,2.0,0.42857142857142855,1.5
70.0,1,5.0,1,1,1,7,2,4,1,2.0,2.0,1,5,1.0,6.0,2.0,2000.0,1.0,0.0,3000.0,2,2,1,2,6,40000.0,3.0,3.0,2.0,2.0,1.0,2.0,2.0,1.0,1,1,2.0,0.5,5,2,0.0,1.0,0.5,3.0,3,0.0,0,0,1.0,2.0,2.0,0.25,2.3333333333333335
71.0,1,4.0,1,2,1,7,2,4,1,2.0,2.0,1,5,2.0,0.0,2.0,0.0,2.0,0.0,3000.0,2,2,2,1,6,45000.0,2.0,3.0,2.0,3.0,1.0,2.0,2.0,1.0,1,1,2.0,0.5,5,2,0.0,1.0,0.5,4.0,4,0.0,0,0,1.0,2.0,2.0,0.375,1.75
72.0,2,5.0,1,2,3,2,1,4,2,2.0,2.0,1,5,1.0,4.0,2.0,500.0,1.0,0.0,2000.0,2,2,1,1,6,15000.0,1.0,2.0,1.0,1.0,1.0,2.0,2.0,2.0,2,1,3.0,0.5,4,1,0.0,1.0,0.5,1.0,1,0.0,0,2,2.0,2.0,2.0,0.3333333333333333,1.0
73.0,2,2.0,1,5,4,4,2,6,1,2.0,2.0,1,2,1.0,4.0,2.0,1000.0,1.0,3000.0,200.0,2,2,1,1,2,40000.0,3.0,3.0,2.0,2.0,1.0,1.0,2.0,1.0,2,1,3.0,0.5,5,2,0.0,1.0,1.0,3.0,3,0.0,0,0,2.0,3.0,2.0,0.4,1.3333333333333333
74.0,1,3.0,1,5,1,5,2,4,1,2.0,2.0,1,4,1.0,6.0,2.0,2000.0,1.0,0.0,3000.0,3,1,1,1,5,50000.0,1.0,3.0,2.0,2.0,1.0,1.0,1.0,1.0,2,1,1.0,1.0,5,2,0.0,1.0,0.1,2.0,2,0.0,0,0,2.0,3.0,2.0,0.3333333333333333,1.6666666666666667
75.0,1,3.0,1,4,1,8,5,4,1,3.0,2.0,2,4,1.0,3.0,2.0,5000.0,1.0,1100.0,1100.0,3,1,2,1,1,223000.0,3.0,2.0,1.0,2.0,1.0,1.0,1.0,1.0,2,1,3.0,0.5,5,2,0.0,1.0,0.5,2.0,2,1.0,0,0,2.0,2.0,2.0,0.2222222222222222,2.6666666666666665
76.0,1,2.0,1,2,1,5,3,4,1,2.0,2.0,2,5,2.0,0.0,2.0,0.0,2.0,0.0,3500.0,2,2,2,1,2,40000.0,2.0,3.0,2.0,3.0,2.0,1.0,2.0,1.0,1,2,1.0,1.0,5,2,0.0,2.0,2.0,2.0,2,0.0,0,0,2.0,3.0,2.0,0.5,1.25
77.0,1,3.0,1,5,2,10,4,1,1,2.0,3.0,2,3,1.0,10.0,2.0,3000.0,1.0,3000.0,10000.0,3,1,1,1,2,130000.0,2.0,3.0,2.0,8.0,1.0,1.0,2.0,1.0,1,1,2.0,4.0,4,1,0.0,1.0,0.5,3.0,0,0.0,0,0,2.0,3.0,2.0,0.7272727272727273,1.1111111111111112
78.0,1,3.0,1,6,4,3,5,6,1,2.0,2.0,1,2,1.0,6.0,2.0,3000.0,1.0,6000.0,0.0,2,1,1,1,6,100000.0,2.0,3.0,3.0,4.0,2.0,1.0,2.0,1.0,2,1,4.0,0.5,5,2,0.0,1.0,0.5,3.0,3,0.0,0,0,2.0,3.0,2.0,1.0,0.6
79.0,1,5.0,1,1,4,5,1,4,2,2.0,2.0,1,5,2.0,0.0,2.0,0.0,2.0,0.0,3000.0,2,2,2,2,2,30000.0,2.0,3.0,2.0,3.0,2.0,2.0,2.0,1.0,2,1,2.0,1.0,5,1,0.0,1.0,1.0,5.0,5,0.0,0,2,2.0,3.0,2.0,0.5,1.25
80.0,2,3.0,1,5,4,4,3,6,1,2.0,3.0,1,2,1.0,0.0,2.0,2500.0,5.0,5000.0,3800.0,2,1,1,1,1,60000.0,2.0,3.0,2.0,3.0,1.0,1.0,1.0,1.0,1,1,2.0,2.0,5,2,0.0,1.0,3.0,4.0,2,0.0,0,0,2.0,3.0,1.0,0.6,1.0
81.0,1,2.0,1,5,1,4,4,6,1,2.0,2.0,1,2,1.0,6.0,2.0,2000.0,2.0,0.0,0.0,2,1,1,1,1,60000.0,1.0,3.0,3.0,3.0,1.0,1.0,2.0,1.0,1,1,4.0,0.0,5,2,0.0,1.0,1.0,2.0,2,0.0,0,0,2.0,3.0,1.0,0.6,1.0
82.0,1,3.0,1,1,1,4,3,4,2,2.0,2.0,1,5,1.0,6.0,2.0,2000.0,1.0,0.0,4500.0,2,2,1,1,5,60000.0,3.0,3.0,2.0,2.0,1.0,1.0,2.0,1.0,1,1,3.0,0.5,5,1,0.0,1.0,1.0,2.0,2,0.0,1,2,2.0,3.0,2.0,0.4,1.3333333333333333
83.0,1,2.0,1,5,1,2,4,4,1,2.0,2.0,1,5,1.0,5.0,2.0,2000.0,2.0,0.0,4500.0,2,1,1,1,2,60000.0,3.0,3.0,2.0,2.0,1.0,1.0,2.0,1.0,1,1,4.0,0.5,0,2,0.0,1.0,1.0,1.0,1,1.0,1,1,2.0,3.0,2.0,0.6666666666666666,0.6666666666666666
84.0,1,3.0,1,3,1,10,7,4,1,2.0,3.0,1,4,1.0,6.0,2.0,2000.0,2.0,0.0,4500.0,3,1,1,1,2,60000.0,2.0,3.0,3.0,12.0,1.0,1.0,2.0,1.0,1,1,1.0,2.0,5,2,0.0,1.0,1.0,5.0,5,0.0,0,2,2.0,3.0,2.0,1.0909090909090908,0.7692307692307693
85.0,1,2.0,1,6,4,2,3,6,1,2.0,2.0,1,2,1.0,4.0,2.0,2000.0,2.0,0.0,0.0,2,1,1,1,3,60000.0,2.0,3.0,2.0,2.0,1.0,1.0,2.0,1.0,1,1,4.0,1.0,5,2,0.0,1.0,0.5,3.0,3,0.0,0,0,2.0,3.0,2.0,0.6666666666666666,0.6666666666666666
86.0,1,4.0,1,2,1,6,2,4,1,2.0,2.0,1,5,1.0,4.0,2.0,2000.0,2.0,0.0,4500.0,2,2,1,1,2,60000.0,2.0,3.0,2.0,3.0,1.0,2.0,2.0,1.0,1,1,3.0,0.4,5,2,0.0,1.0,1.0,3.0,3,0.0,0,0,1.0,3.0,2.0,0.42857142857142855,1.5
87.0,1,3.0,1,2,1,6,2,4,2,2.0,2.0,1,5,1.0,8.0,2.0,2000.0,2.0,0.0,4500.0,2,2,1,1,6,60000.0,2.0,3.0,1.0,2.0,1.0,1.0,2.0,1.0,1,1,2.0,0.4,5,2,0.0,1.0,0.4,4.0,4,0.0,2,2,2.0,3.0,2.0,0.2857142857142857,2.0
88.0,1,4.0,1,3,1,6,2,3,2,2.0,2.0,1,5,1.0,8.0,2.0,2000.0,1.0,0.0,4500.0,2,2,2,1,6,60000.0,1.0,2.0,1.0,2.0,1.0,1.0,2.0,1.0,1,1,2.0,0.5,5,2,0.0,1.0,0.5,6.0,6,0.0,0,0,1.0,2.0,2.0,0.2857142857142857,2.0
89.0,1,2.0,1,5,4,3,3,6,1,2.0,3.0,1,3,1.0,8.0,2.0,2000.0,1.0,0.0,0.0,3,1,1,1,2,60000.0,2.0,3.0,3.0,4.0,1.0,1.0,2.0,1.0,1,1,4.0,0.5,5,2,0.0,1.0,0.5,2.0,2,0.0,0,0,2.0,3.0,2.0,1.0,0.6
90.0,1,2.0,1,5,4,4,3,6,1,2.0,3.0,1,3,1.0,12.0,2.0,2000.0,1.0,0.0,4500.0,3,1,1,1,2,60000.0,2.0,3.0,3.0,4.0,2.0,1.0,2.0,1.0,2,1,1.0,0.5,5,2,0.0,1.0,1.0,4.0,4,0.0,0,0,2.0,3.0,2.0,0.8,0.8
91.0,1,3.0,1,1,1,5,2,4,1,2.0,3.0,1,5,1.0,12.0,2.0,2000.0,1.0,0.0,4500.0,2,1,1,1,6,60000.0,2.0,3.0,2.0,3.0,2.0,2.0,2.0,1.0,2,1,3.0,0.5,5,2,0.0,1.0,1.0,4.0,4,0.0,0,1,2.0,3.0,2.0,0.5,1.25
92.0,1,5.0,1,1,1,15,2,4,1,1.0,2.0,1,5,1.0,5.0,2.0,5000.0,1.0,10000.0,4000.0,2,2,1,1,5,60000.0,1.0,2.0,1.0,3.0,1.0,2.0,2.0,1.0,2,1,2.0,0.5,5,1,0.0,1.0,0.5,4.0,4,2.0,0,3,1.0,2.0,2.0,0.1875,3.75
93.0,1,4.0,1,1,1,10,3,3,2,2.0,2.0,2,5,1.0,14.0,2.0,2000.0,1.0,0.0,4500.0,2,1,1,1,6,60000.0,2.0,2.0,1.0,4.0,2.0,1.0,2.0,1.0,2,1,2.0,1.0,4,2,0.0,1.0,1.0,8.0,8,2.0,4,2,1.0,3.0,2.0,0.36363636363636365,2.0
94.0,1,3.0,1,5,1,7,4,4,1,2.0,3.0,1,5,1.0,12.0,2.0,2000.0,1.0,0.0,4500.0,2,1,1,1,1,60000.0,1.0,3.0,2.0,3.0,1.0,1.0,2.0,1.0,1,1,2.0,0.5,5,2,0.0,1.0,0.5,5.0,5,0.0,0,1,2.0,3.0,1.0,0.375,1.75
95.0,1,5.0,1,3,1,10,3,3,2,2.0,2.0,1,5,1.0,6.0,2.0,2000.0,1.0,0.0,4500.0,2,1,1,1,2,60000.0,1.0,2.0,1.0,2.0,1.0,1.0,2.0,1.0,1,1,2.0,0.5,4,2,0.0,1.0,0.5,6.0,6,0.0,4,2,2.0,3.0,2.0,0.18181818181818182,3.3333333333333335
96.0,1,2.0,1,3,1,5,2,4,2,2.0,2.0,1,5,1.0,6.0,2.0,2000.0,1.0,0.0,4500.0,2,1,1,1,6,60000.0,1.0,2.0,1.0,2.0,1.0,1.0,2.0,1.0,1,1,2.0,0.5,5,2,0.0,1.0,0.5,4.0,4,0.0,1,1,2.0,3.0,2.0,0.3333333333333333,1.6666666666666667
97.0,1,5.0,1,4,1,8,2,4,2,2.0,1.0,1,5,1.0,8.0,2.0,2000.0,1.0,0.0,3000.0,2,1,1,1,6,60000.0,1.0,2.0,1.0,2.0,1.0,1.0,1.0,1.0,1,1,2.0,0.5,5,1,0.0,1.0,0.5,6.0,6,1.0,2,2,2.0,2.0,2.0,0.2222222222222222,2.6666666666666665
98.0,1,4.0,1,6,4,5,7,6,1,2.0,3.0,1,3,1.0,8.0,2.0,2000.0,1.0,0.0,4500.0,3,1,1,1,3,60000.0,2.0,3.0,3.0,5.0,2.0,1.0,2.0,1.0,2,1,1.0,0.5,5,2,0.0,1.0,1.0,3.0,3,0.0,0,0,2.0,4.0,2.0,0.8333333333333334,0.8333333333333334
99.0,1,4.0,1,5,4,15,7,6,1,2.0,3.0,1,3,1.0,8.0,2.0,2000.0,5.0,0.0,4500.0,3,1,1,1,2,60000.0,2.0,3.0,3.0,7.0,2.0,1.0,2.0,1.0,2,1,1.0,1.0,5,2,0.0,1.0,0.5,8.0,6,0.0,0,0,2.0,4.0,2.0,0.4375,1.875
100.0,1,4.0,1,6,1,7,4,4,1,2.0,3.0,1,5,1.0,8.0,2.0,2000.0,1.0,0.0,4500.0,2,1,1,1,2,60000.0,3.0,3.0,2.0,4.0,2.0,1.0,2.0,1.0,1,1,2.0,0.5,5,2,0.0,1.0,1.0,3.0,3,1.0,0,0,2.0,3.0,1.0,0.5,1.4
101.0,1,4.0,1,5,4,4,2,6,1,2.0,2.0,1,2,1.0,8.0,2.0,2000.0,1.0,0.0,4500.0,2,1,1,1,1,60000.0,3.0,3.0,2.0,3.0,2.0,1.0,2.0,1.0,1,1,1.0,0.5,5,2,0.0,1.0,1.0,3.0,3,0.0,0,0,2.0,3.0,2.0,0.6,1.0
102.0,1,2.0,1,2,1,5,2,4,1,2.0,2.0,1,5,1.0,4.0,2.0,2000.0,1.0,0.0,4500.0,2,1,1,1,6,60000.0,4.0,3.0,2.0,3.0,2.0,2.0,2.0,1.0,2,1,1.0,1.0,5,2,0.0,2.0,2.0,4.0,4,0.0,2,1,1.0,2.0,2.0,0.5,1.25
103.0,1,4.0,1,2,2,4,2,4,2,2.0,1.0,1,5,1.0,8.0,2.0,2000.0,1.0,0.0,4500.0,2,2,1,1,2,60000.0,1.0,2.0,1.0,2.0,1.0,2.0,2.0,2.0,1,1,2.0,1.0,5,2,0.0,1.0,0.4,2.0,1,2.0,0,0,2.0,3.0,2.0,0.4,1.3333333333333333
104.0,1,4.0,1,5,4,2,2,6,1,2.0,2.0,1,2,1.0,6.0,2.0,2000.0,1.0,0.0,0.0,2,1,1,1,2,60000.0,2.0,3.0,3.0,3.0,1.0,1.0,2.0,1.0,2,1,4.0,0.5,5,2,0.0,1.0,0.5,2.0,2,0.0,0,0,2.0,3.0,2.0,1.0,0.5
105.0,1,5.0,1,4,1,7,3,4,1,2.0,2.0,1,5,1.0,4.0,2.0,2000.0,2.0,0.0,4500.0,2,1,1,1,2,60000.0,3.0,3.0,2.0,3.0,2.0,1.0,1.0,1.0,1,1,2.0,1.0,5,2,0.0,1.0,0.5,5.0,5,0.0,0,4,2.0,3.0,1.0,0.375,1.75
106.0,1,2.0,1,6,4,4,7,6,1,2.0,3.0,1,2,1.0,10.0,2.0,30000.0,2.0,6000.0,5000.0,2,1,1,1,1,90000.0,4.0,2.0,3.0,5.0,1.0,1.0,2.0,1.0,2,1,1.0,1.0,5,2,0.0,1.0,5.0,5.0,5,0.0,0,0,2.0,3.0,1.0,1.0,0.6666666666666666
107.0,1,4.0,1,3,1,26,4,3,2,2.0,2.0,1,5,1.0,8.0,2.0,2000.0,1.0,0.0,4500.0,2,2,1,1,2,60000.0,1.0,3.0,2.0,4.0,1.0,1.0,2.0,1.0,1,1,3.0,0.5,4,1,0.0,1.0,1.0,15.0,15,6.0,2,6,1.0,2.0,2.0,0.14814814814814814,5.2
108.0,1,4.0,1,3,1,10,2,4,2,2.0,2.0,1,5,2.0,0.0,2.0,0.0,2.0,0.0,4500.0,2,2,2,1,2,60000.0,2.0,3.0,2.0,5.0,2.0,1.0,1.0,1.0,3,1,3.0,1.0,5,1,0.0,1.0,1.0,8.0,8,0.0,4,2,1.0,2.0,1.0,0.45454545454545453,1.6666666666666667
109.0,1,3.0,1,5,4,5,6,6,1,2.0,3.0,1,2,1.0,6.0,2.0,2000.0,2.0,0.0,0.0,2,1,1,1,1,60000.0,1.0,3.0,2.0,3.0,1.0,1.0,1.0,1.0,1,1,1.0,2.0,5,2,0.0,1.0,0.5,3.0,3,0.0,0,0,2.0,3.0,1.0,0.5,1.25
110.0,1,3.0,1,6,4,6,7,6,1,2.0,4.0,1,2,1.0,4.0,2.0,2000.0,2.0,0.0,0.0,2,1,1,1,1,60000.0,2.0,3.0,3.0,4.0,2.0,1.0,2.0,1.0,3,1,1.0,4.0,5,2,0.0,1.0,0.5,3.0,2,0.0,0,0,2.0,4.0,2.0,0.5714285714285714,1.2
111.0,1,4.0,1,5,4,8,6,6,1,2.0,3.0,1,2,1.0,6.0,2.0,10000.0,2.0,13700.0,5000.0,2,1,1,1,1,60000.0,2.0,3.0,3.0,4.0,1.0,1.0,1.0,1.0,2,1,1.0,1.0,5,2,0.0,1.0,1.0,4.0,2,0.0,0,0,2.0,3.0,2.0,0.4444444444444444,1.6
112.0,1,2.0,1,2,1,2,2,4,1,2.0,2.0,1,5,1.0,2.0,2.0,2000.0,2.0,0.0,4500.0,2,1,1,1,2,60000.0,3.0,3.0,2.0,3.0,2.0,1.0,2.0,1.0,2,1,4.0,0.0,4,1,0.0,1.0,1.0,2.0,2,0.0,0,1,2.0,3.0,2.0,1.0,0.5
113.0,1,3.0,1,5,4,4,7,6,1,2.0,3.0,1,2,1.0,6.0,2.0,2000.0,2.0,0.0,0.0,2,1,1,1,1,60000.0,3.0,3.0,3.0,4.0,1.0,1.0,2.0,1.0,2,1,1.0,2.0,5,2,0.0,1.0,1.0,2.0,2,0.0,0,0,2.0,3.0,1.0,0.8,0.8
114.0,1,3.0,1,3,1,5,3,4,1,2.0,2.0,1,5,1.0,8.0,2.0,2000.0,2.0,0.0,4500.0,2,1,1,1,2,60000.0,2.0,3.0,3.0,4.0,2.0,2.0,2.0,1.0,2,1,1.0,1.0,5,2,0.0,1.0,1.0,2.0,2,0.0,0,1,2.0,3.0,2.0,0.6666666666666666,1.0
115.0,1,2.0,1,2,1,6,2,4,1,2.0,2.0,1,5,1.0,8.0,2.0,2000.0,1.0,0.0,4500.0,2,1,1,1,2,60000.0,1.0,3.0,2.0,2.0,1.0,1.0,2.0,1.0,2,1,2.0,1.0,5,2,0.0,1.0,0.5,3.0,3,0.0,0,1,2.0,3.0,2.0,0.2857142857142857,2.0
116.0,1,4.0,1,5,4,7,7,6,1,2.0,3.0,1,2,1.0,8.0,2.0,2000.0,2.0,0.0,4500.0,2,1,1,1,1,60000.0,2.0,3.0,3.0,7.0,1.0,1.0,2.0,1.0,1,1,3.0,1.0,5,2,0.0,1.0,0.5,4.0,4,0.0,0,0,2.0,3.0,2.0,0.875,0.875
117.0,1,4.0,1,2,1,12,3,4,2,2.0,2.0,1,5,2.0,0.0,2.0,0.0,2.0,0.0,4500.0,2,2,2,1,6,60000.0,3.0,2.0,1.0,2.0,1.0,2.0,2.0,1.0,1,1,2.0,0.5,5,1,0.0,1.0,1.0,8.0,6,0.0,2,2,1.0,3.0,2.0,0.15384615384615385,4.0
118.0,1,5.0,1,1,1,10,3,3,2,2.0,2.0,2,5,1.0,8.0,2.0,2000.0,1.0,0.0,4500.0,2,2,2,1,2,60000.0,3.0,2.0,1.0,2.0,1.0,1.0,2.0,1.0,1,1,3.0,1.0,5,1,0.0,1.0,0.5,5.0,5,0.0,0,0,1.0,3.0,2.0,0.18181818181818182,3.3333333333333335
119.0,1,5.0,1,1,1,8,3,4,2,2.0,1.0,1,5,2.0,0.0,2.0,0.0,2.0,0.0,4500.0,2,2,2,1,6,60000.0,3.0,2.0,1.0,2.0,1.0,1.0,2.0,1.0,1,1,2.0,0.5,5,1,0.0,1.0,0.5,6.0,6,0.0,3,2,2.0,3.0,2.0,0.2222222222222222,2.6666666666666665
120.0,1,2.0,2,7,4,5,4,6,1,2.0,3.0,1,2,1.0,0.0,2.0,2000.0,1.0,4500.0,0.0,2,1,1,1,1,70000.0,2.0,3.0,2.0,4.0,1.0,1.0,2.0,1.0,2,1,1.0,1.0,5,2,0.0,1.0,2.0,4.0,5,0.0,0,0,1.0,3.0,1.0,0.6666666666666666,1.0
121.0,1,2.0,2,3,4,3,3,6,1,2.0,2.0,1,2,1.0,15.0,2.0,2000.0,1.0,1800.0,3500.0,2,1,1,1,1,50000.0,2.0,3.0,2.0,4.0,1.0,1.0,2.0,1.0,3,1,1.0,2.0,5,2,0.0,1.0,3.0,3.0,0,0.0,0,0,1.0,3.0,1.0,1.0,0.6
122.0,1,4.0,2,6,4,10,3,7,1,2.0,2.0,1,2,1.0,12.0,2.0,2000.0,1.0,6000.0,3500.0,2,1,1,1,2,50000.0,3.0,3.0,3.0,5.0,1.0,1.0,2.0,1.0,3,1,2.0,1.0,5,2,0.0,1.0,2.0,4.0,0,0.0,0,0,1.0,3.0,1.0,0.45454545454545453,1.6666666666666667
123.0,1,2.0,2,4,1,7,3,2,2,1.0,3.0,2,4,1.0,0.0,2.0,3000.0,2.0,4500.0,0.0,3,1,1,1,1,50000.0,1.0,2.0,2.0,5.0,1.0,2.0,2.0,1.0,2,1,1.0,1.0,4,1,0.0,1.0,1.0,3.0,0,0.0,1,2,1.0,3.0,1.0,0.625,1.1666666666666667
124.0,1,2.0,2,1,1,8,1,3,1,1.0,3.0,2,3,2.0,0.0,2.0,1000.0,2.0,4500.0,3500.0,3,2,1,1,2,5000.0,1.0,2.0,2.0,4.0,1.0,1.0,2.0,1.0,1,1,3.0,1.0,5,2,0.0,1.0,1.0,4.0,0,0.0,0,2,1.0,3.0,2.0,0.4444444444444444,1.6
125.0,1,3.0,2,5,4,7,6,6,1,1.0,3.0,1,2,1.0,0.0,2.0,2000.0,2.0,4000.0,0.0,2,1,1,1,1,5000.0,2.0,3.0,3.0,5.0,1.0,1.0,2.0,1.0,2,1,1.0,2.0,5,2,0.0,1.0,2.0,5.0,0,0.0,0,0,1.0,3.0,1.0,0.625,1.1666666666666667
126.0,1,3.0,2,3,1,6,1,4,1,2.0,3.0,2,4,2.0,0.0,2.0,2000.0,2.0,0.0,3500.0,3,1,1,1,1,30000.0,2.0,3.0,2.0,4.0,1.0,1.0,2.0,1.0,2,1,1.0,2.0,5,2,0.0,1.0,2.0,4.0,0,0.0,0,0,1.0,3.0,1.0,0.5714285714285714,1.2
127.0,1,2.0,2,6,4,4,2,6,1,2.0,3.0,1,2,1.0,4.0,2.0,800.0,2.0,4000.0,0.0,2,1,1,1,1,6000.0,1.0,3.0,2.0,3.0,1.0,1.0,2.0,1.0,1,1,1.0,0.5,5,2,1.0,1.0,1.0,2.0,0,1.0,0,0,2.0,3.0,1.0,0.6,1.0
128.0,1,4.0,2,1,1,5,1,3,2,2.0,2.0,2,3,2.0,0.0,2.0,800.0,2.0,0.0,3000.0,3,2,1,1,2,65000.0,1.0,2.0,1.0,3.0,2.0,1.0,2.0,1.0,2,1,2.0,0.5,4,2,2.0,1.0,1.0,6.0,4,3.0,3,2,1.0,2.0,2.0,0.5,1.25
129.0,1,3.0,2,4,2,10,2,3,1,2.0,3.0,1,3,1.0,10.0,1.0,1000.0,5.0,5.0,3.0,3,1,1,2,2,60000.0,2.0,3.0,2.0,4.0,2.0,1.0,1.0,1.0,2,1,1.0,2.0,5,1,5.0,1.0,5.0,10.0,3,6.0,0,2,1.0,5.0,1.0,0.36363636363636365,2.0
130.0,1,3.0,2,6,1,7,2,4,2,3.0,3.0,1,3,2.0,0.0,2.0,500.0,2.0,0.0,0.0,3,1,1,1,3,80000.0,2.0,3.0,3.0,5.0,1.0,1.0,1.0,1.0,2,1,1.0,3.0,5,1,1.0,1.0,2.0,4.0,2,3.0,1,2,2.0,3.0,1.0,0.625,1.1666666666666667
131.0,1,4.0,2,7,1,7,2,4,2,2.0,2.0,1,3,2.0,0.0,2.0,200.0,2.0,0.0,0.0,3,1,1,1,3,80000.0,2.0,3.0,3.0,5.0,1.0,1.0,1.0,1.0,2,1,1.0,3.0,5,1,1.0,1.0,3.0,5.0,2,3.0,1,0,2.0,3.0,1.0,0.625,1.1666666666666667
132.0,1,2.0,2,3,1,3,1,4,1,2.0,3.0,1,2,1.0,0.0,2.0,2000.0,2.0,0.0,0.0,2,1,1,1,1,30000.0,2.0,3.0,2.0,4.0,1.0,1.0,2.0,1.0,2,1,1.0,2.0,5,1,0.0,1.0,2.0,1.0,0,0.0,0,0,1.0,3.0,2.0,1.0,0.6
133.0,1,5.0,2,5,4,10,2,6,1,3.0,2.0,1,2,1.0,0.0,1.0,0.0,2.0,1000.0,3000.0,2,1,1,1,1,60000.0,2.0,3.0,3.0,4.0,1.0,1.0,1.0,1.0,2,1,1.0,3.0,5,2,0.0,1.0,2.0,0.0,0,0.0,0,0,1.0,3.0,1.0,0.36363636363636365,2.0
134.0,1,3.0,2,6,1,9,1,1,1,2.0,3.0,2,5,1.0,5.0,2.0,0.0,2.0,8000.0,15000.0,2,1,2,1,1,60000.0,2.0,3.0,2.0,3.0,1.0,2.0,1.0,1.0,2,1,1.0,2.0,4,1,2.0,1.0,12.0,0.0,5,6.0,0,2,2.0,3.0,1.0,0.3,2.25
135.0,1,3.0,2,5,4,4,4,6,1,3.0,3.0,1,2,1.0,4.0,2.0,3000.0,2.0,7200.0,12000.0,2,1,1,1,1,60000.0,2.0,3.0,2.0,4.0,1.0,1.0,1.0,1.0,2,1,1.0,1.0,5,2,1.0,1.0,1.0,2.0,2,0.0,0,0,1.0,3.0,2.0,0.8,0.8
136.0,1,3.0,2,4,1,8,3,4,2,3.0,3.0,2,3,2.0,0.0,2.0,5000.0,2.0,6000.0,3500.0,3,1,1,1,2,3000.0,2.0,2.0,2.0,10.0,1.0,1.0,1.0,1.0,1,1,2.0,1.0,5,2,0.0,1.0,2.0,0.0,1,0.0,0,0,1.0,3.0,1.0,1.1111111111111112,0.7272727272727273
137.0,1,4.0,2,4,1,8,3,4,2,3.0,3.0,2,3,1.0,3.0,2.0,2000.0,2.0,0.0,9900.0,3,1,1,1,1,90000.0,2.0,3.0,2.0,4.0,1.0,1.0,2.0,1.0,1,1,2.0,1.0,5,2,0.0,1.0,1.4,8.0,0,0.0,1,0,1.0,3.0,2.0,0.4444444444444444,1.6
138.0,2,3.0,2,1,3,5,2,4,1,2.0,3.0,2,4,1.0,2.0,2.0,0.0,2.0,0.0,100.0,3,1,1,1,3,60000.0,3.0,3.0,3.0,2.0,2.0,2.0,2.0,1.0,1,2,4.0,1.0,4,2,2.0,2.0,1.0,5.0,0,0.0,0,2,2.0,3.0,1.0,0.3333333333333333,1.6666666666666667
139.0,1,3.0,2,7,1,10,3,4,1,3.0,3.0,2,3,2.0,0.0,2.0,100.0,4.0,5000.0,2000.0,3,2,1,1,1,4000.0,1.0,2.0,2.0,5.0,1.0,1.0,2.0,1.0,2,1,2.0,1.0,5,2,2.0,1.0,1.0,11.0,3,4.0,2,0,1.0,3.0,1.0,0.45454545454545453,1.6666666666666667
140.0,1,2.0,2,1,1,4,2,3,2,1.0,3.0,2,4,2.0,0.0,2.0,5000.0,2.0,4500.0,3000.0,3,1,1,1,3,3000.0,2.0,3.0,2.0,4.0,1.0,1.0,2.0,1.0,1,1,2.0,0.5,5,2,0.0,1.0,0.5,4.0,0,0.0,0,2,2.0,3.0,1.0,0.8,0.8
141.0,1,5.0,2,7,1,3,2,4,1,3.0,3.0,2,5,1.0,0.0,2.0,1500.0,6.0,3000.0,3000.0,2,1,2,2,1,30000.0,1.0,3.0,3.0,3.0,1.0,1.0,2.0,1.0,3,1,1.0,2.0,5,2,0.0,1.0,3.0,2.0,0,1.0,0,0,2.0,3.0,2.0,0.75,0.75
142.0,1,3.0,2,5,1,2,1,3,1,3.0,3.0,2,5,1.0,0.0,2.0,1500.0,2.0,3750.0,1000.0,2,2,1,1,3,10000.0,2.0,3.0,2.0,3.0,1.0,1.0,2.0,1.0,2,1,2.0,1.0,5,2,0.0,1.0,2.0,3.0,1,4.0,0,2,1.0,3.0,2.0,1.0,0.5
143.0,1,3.0,2,5,1,5,2,4,1,3.0,3.0,2,5,1.0,0.0,2.0,0.0,2.0,0.0,5000.0,2,2,1,1,1,60000.0,1.0,3.0,2.0,3.0,1.0,1.0,2.0,1.0,3,1,2.0,1.0,5,2,0.0,1.0,1.0,2.0,2,0.0,0,1,2.0,3.0,1.0,0.5,1.25
144.0,1,5.0,2,4,1,7,2,3,1,2.0,3.0,2,5,1.0,0.0,2.0,2000.0,1.0,3000.0,1000.0,2,1,1,1,1,25000.0,2.0,3.0,2.0,7.0,1.0,1.0,2.0,1.0,2,1,2.0,1.0,5,2,0.0,1.0,0.5,2.0,0,0.0,0,2,1.0,3.0,2.0,0.875,0.875
145.0,1,4.0,2,1,1,16,1,4,2,3.0,3.0,2,5,1.0,0.0,2.0,2000.0,2.0,3750.0,5000.0,2,1,1,1,1,40000.0,1.0,3.0,2.0,2.0,1.0,1.0,1.0,1.0,3,1,1.0,1.0,5,2,0.0,1.0,1.0,2.0,4,10.0,12,0,1.0,2.0,1.0,0.11764705882352941,5.333333333333333
146.0,1,4.0,2,5,1,6,3,4,1,3.0,3.0,2,3,1.0,4.0,2.0,1500.0,2.0,4500.0,8000.0,3,1,1,1,2,150000.0,2.0,3.0,2.0,4.0,1.0,1.0,2.0,1.0,2,1,1.0,1.0,5,2,0.0,1.0,1.0,2.0,0,0.0,0,0,2.0,3.0,1.0,0.5714285714285714,1.2
147.0,1,4.0,2,5,2,2,5,2,1,1.0,1.0,2,5,2.0,0.0,2.0,0.0,2.0,6000.0,3500.0,2,2,1,1,2,3000.0,2.0,3.0,2.0,10.0,1.0,2.0,1.0,1.0,1,1,2.0,2.0,4,1,0.0,1.0,2.0,1.0,1,1.0,1,1,1.0,3.0,2.0,3.3333333333333335,0.18181818181818182
148.0,1,4.0,2,5,4,2,1,6,1,3.0,2.0,1,2,2.0,0.0,2.0,2000.0,2.0,9000.0,9000.0,2,1,1,1,1,80000.0,3.0,3.0,2.0,4.0,1.0,1.0,1.0,1.0,3,1,2.0,0.5,5,2,2.0,1.0,1.0,3.0,5,0.0,0,0,2.0,2.0,1.0,1.3333333333333333,0.4
149.0,1,5.0,2,7,1,9,2,4,1,1.0,2.0,1,2,1.0,5.0,2.0,400.0,2.0,3000.0,8000.0,2,2,1,1,3,3000.0,1.0,3.0,2.0,5.0,1.0,1.0,1.0,1.0,1,1,2.0,1.0,5,2,2.0,1.0,1.0,3.0,4,6.0,3,1,1.0,3.0,1.0,0.5,1.5
150.0,1,3.0,2,5,1,5,6,4,2,3.0,3.0,1,3,2.0,15.0,2.0,2000.0,2.0,6000.0,1500.0,3,2,1,1,2,160000.0,2.0,3.0,2.0,6.0,1.0,1.0,1.0,1.0,3,1,1.0,2.0,4,1,0.0,1.0,1.0,2.0,10,6.0,0,2,2.0,2.0,2.0,1.0,0.7142857142857143
151.0,1,5.0,2,3,2,5,6,4,2,3.0,3.0,1,4,1.0,5.0,2.0,2000.0,2.0,4000.0,3000.0,3,2,2,1,2,6000.0,2.0,2.0,2.0,4.0,1.0,1.0,1.0,1.0,3,1,2.0,1.0,5,1,2.0,1.0,3.0,5.0,6,10.0,0,0,1.0,3.0,2.0,0.6666666666666666,1.0
152.0,1,3.0,2,5,1,4,2,4,1,3.0,3.0,1,4,1.0,2.0,2.0,2000.0,2.0,10000.0,3000.0,3,1,1,1,1,50000.0,2.0,3.0,2.0,3.0,1.0,1.0,1.0,1.0,2,1,3.0,1.0,5,2,3.0,1.0,1.0,2.0,2,0.0,0,0,1.0,3.0,1.0,0.6,1.0
153.0,1,3.0,2,7,1,9,2,2,1,1.0,3.0,2,4,1.0,5.0,2.0,1000.0,2.0,5000.0,2000.0,3,2,1,1,3,3000.0,1.0,3.0,2.0,5.0,1.0,2.0,1.0,1.0,2,1,2.0,2.0,5,1,2.0,1.0,0.5,3.0,4,6.0,2,2,1.0,3.0,1.0,0.5,1.5
154.0,1,6.0,2,1,1,15,2,1,1,1.0,3.0,2,5,1.0,1.0,2.0,500.0,2.0,5000.0,20000.0,2,1,1,1,3,60000.0,1.0,2.0,2.0,15.0,2.0,2.0,2.0,1.0,3,2,1.0,0.5,4,2,0.0,1.0,3.0,3.0,2,0.0,1,5,1.0,3.0,2.0,0.9375,0.9375
155.0,1,3.0,2,4,1,2,2,3,1,2.0,2.0,1,4,1.0,0.0,2.0,1000.0,2.0,4400.0,8000.0,3,1,1,1,3,60000.0,2.0,3.0,3.0,5.0,2.0,1.0,2.0,1.0,1,1,4.0,0.0,0,2,0.0,1.0,1.5,1.0,1,0.0,0,2,1.0,3.0,2.0,1.6666666666666667,0.3333333333333333
156.0,1,4.0,2,1,1,9,2,3,2,1.0,3.0,2,4,1.0,0.0,2.0,1000.0,2.0,0.0,7000.0,3,2,2,1,1,50000.0,2.0,2.0,2.0,4.0,2.0,1.0,1.0,1.0,1,1,2.0,3.0,5,2,2.0,1.0,1.0,3.0,2,1.0,0,2,1.0,3.0,1.0,0.4,1.8
157.0,1,2.0,2,4,1,8,3,3,1,2.0,3.0,2,4,1.0,2.0,2.0,2000.0,1.0,5000.0,14000.0,3,1,1,1,1,70000.0,2.0,3.0,2.0,6.0,1.0,1.0,1.0,1.0,1,1,2.0,0.5,5,2,2.0,1.0,1.0,0.0,3,0.0,0,1,2.0,3.0,1.0,0.6666666666666666,1.1428571428571428
158.0,1,3.0,2,4,1,13,2,3,1,2.0,3.0,2,4,1.0,0.0,2.0,0.0,2.0,0.0,9000.0,3,1,1,1,2,120000.0,2.0,3.0,2.0,4.0,2.0,1.0,1.0,1.0,1,1,2.0,0.5,5,2,0.0,1.0,0.5,5.0,3,0.0,0,2,2.0,3.0,1.0,0.2857142857142857,2.6
159.0,1,4.0,2,6,4,6,4,6,1,2.0,3.0,1,2,1.0,1.0,2.0,1000.0,1.0,750.0,9000.0,2,1,1,1,1,120000.0,2.0,3.0,3.0,8.0,2.0,1.0,1.0,1.0,1,1,2.0,1.0,5,2,0.0,1.0,1.0,5.0,2,0.0,0,0,2.0,3.0,1.0,1.1428571428571428,0.6666666666666666
160.0,1,2.0,2,3,1,9,2,3,1,2.0,3.0,2,5,1.0,1.0,2.0,500.0,2.0,0.0,15000.0,2,2,1,1,2,50000.0,1.0,2.0,2.0,2.0,1.0,1.0,1.0,1.0,1,1,2.0,1.0,5,2,0.0,1.0,1.0,2.0,2,0.0,1,1,1.0,3.0,2.0,0.2,3.0
161.0,1,3.0,2,3,1,5,2,3,2,2.0,2.0,2,5,1.0,2.0,2.0,500.0,2.0,3000.0,4000.0,2,1,1,1,2,100000.0,2.0,3.0,3.0,4.0,2.0,1.0,2.0,1.0,1,1,1.0,1.0,5,2,0.0,1.0,1.0,2.0,1,0.0,1,2,1.0,3.0,1.0,0.6666666666666666,1.0
162.0,1,3.0,2,4,1,10,2,3,1,2.0,3.0,2,5,1.0,1.0,2.0,1000.0,1.0,0.0,8070.0,2,1,1,1,1,90000.0,2.0,3.0,2.0,5.0,2.0,1.0,1.0,1.0,1,1,2.0,1.0,5,2,0.0,1.0,1.0,10.0,1,0.0,0,2,1.0,3.0,1.0,0.45454545454545453,1.6666666666666667
163.0,1,3.0,2,3,1,13,1,3,1,2.0,3.0,2,5,1.0,0.0,2.0,1000.0,2.0,2500.0,5000.0,2,2,1,1,3,45000.0,1.0,3.0,1.0,6.0,1.0,1.0,1.0,1.0,1,1,2.0,1.0,5,2,2.0,1.0,1.0,0.0,1,0.0,1,1,1.0,3.0,2.0,0.42857142857142855,1.8571428571428572
164.0,1,6.0,2,1,1,9,2,3,1,1.0,3.0,2,5,2.0,0.0,2.0,0.0,2.0,0.0,0.0,2,2,1,1,3,3000.0,2.0,2.0,1.0,4.0,2.0,2.0,2.0,1.0,1,1,2.0,1.0,4,1,1.0,1.0,1.0,2.0,1,0.0,3,4,1.0,3.0,2.0,0.4,1.8
165.0,1,6.0,2,2,1,10,3,1,2,2.0,3.0,2,5,1.0,1.0,2.0,1000.0,2.0,0.0,23000.0,2,2,1,1,3,57000.0,2.0,2.0,1.0,6.0,2.0,2.0,2.0,1.0,1,1,2.0,2.0,4,1,2.0,1.0,1.0,6.0,3,1.0,4,5,1.0,3.0,2.0,0.5454545454545454,1.4285714285714286
166.0,1,4.0,2,2,1,13,2,1,1,1.0,3.0,2,5,1.0,1.0,2.0,1000.0,2.0,0.0,1000.0,2,2,1,1,1,60000.0,2.0,2.0,1.0,3.0,2.0,2.0,2.0,1.0,1,1,2.0,1.0,4,1,0.0,1.0,1.0,3.0,0,1.0,0,2,1.0,3.0,1.0,0.21428571428571427,3.25
167.0,1,2.0,2,3,1,6,1,3,2,2.0,3.0,2,5,1.0,3.0,1.0,1000.0,2.0,0.0,5000.0,2,1,1,1,3,20000.0,1.0,2.0,2.0,3.0,2.0,2.0,2.0,1.0,2,1,3.0,1.0,5,2,0.0,1.0,1.0,6.0,2,1.0,1,2,1.0,3.0,2.0,0.42857142857142855,1.5
84.0,1,2.0,2,1,1,11,1,3,2,1.0,3.0,2,5,1.0,0.0,2.0,1000.0,2.0,0.0,9000.0,2,2,1,1,3,30000.0,1.0,2.0,2.0,5.0,2.0,2.0,2.0,1.0,1,1,3.0,0.5,5,2,0.0,1.0,1.0,6.0,1,2.0,2,2,1.0,3.0,2.0,0.4166666666666667,1.8333333333333333
84.0,1,4.0,2,1,1,8,2,3,2,2.0,3.0,2,5,1.0,0.0,1.0,1500.0,2.0,0.0,8400.0,2,2,1,1,2,45000.0,1.0,2.0,2.0,4.0,2.0,1.0,2.0,1.0,1,1,2.0,1.5,5,2,2.0,1.0,1.5,3.0,2,0.0,1,2,1.0,3.0,2.0,0.4444444444444444,1.6
84.0,1,3.0,2,4,1,12,2,3,2,2.0,3.0,2,5,1.0,1.0,1.0,500.0,2.0,0.0,10000.0,2,2,1,1,3,45000.0,2.0,2.0,1.0,5.0,2.0,2.0,2.0,1.0,1,1,2.0,1.0,5,2,2.0,1.0,1.0,2.0,2,0.0,1,2,1.0,3.0,2.0,0.38461538461538464,2.0
84.0,1,2.0,2,1,1,4,2,3,2,2.0,3.0,2,5,1.0,0.0,2.0,0.0,2.0,0.0,7000.0,2,2,2,1,3,30000.0,2.0,2.0,1.0,4.0,2.0,2.0,2.0,1.0,1,1,3.0,1.0,5,2,0.0,1.0,1.0,2.0,0,0.0,0,2,2.0,3.0,2.0,0.8,0.8
84.0,1,5.0,2,1,1,7,2,3,2,2.0,3.0,2,5,1.0,1.0,2.0,500.0,2.0,0.0,9000.0,2,2,1,1,3,40000.0,2.0,2.0,1.0,3.0,2.0,1.0,2.0,1.0,1,1,2.0,1.0,5,2,0.0,1.0,1.0,2.0,1,0.0,0,2,1.0,4.0,2.0,0.375,1.75
84.0,1,3.0,2,4,1,5,2,3,2,2.0,2.0,2,5,1.0,0.0,2.0,2000.0,2.0,0.0,9000.0,2,1,1,1,3,60000.0,2.0,2.0,1.0,4.0,2.0,1.0,2.0,1.0,1,1,2.0,1.0,5,2,0.0,1.0,1.0,2.0,0,0.0,0,2,1.0,3.0,2.0,0.6666666666666666,1.0
84.0,1,3.0,2,4,1,7,1,1,1,1.0,3.0,2,5,1.0,2.0,2.0,1000.0,2.0,0.0,15000.0,2,1,1,1,3,80000.0,2.0,3.0,3.0,5.0,2.0,2.0,1.0,1.0,1,1,2.0,0.5,4,1,0.0,1.0,1.0,2.0,1,1.0,1,2,1.0,3.0,1.0,0.625,1.1666666666666667
84.0,1,5.0,2,3,1,27,2,3,1,2.0,3.0,2,3,1.0,1.0,2.0,1200.0,2.0,0.0,15000.0,3,2,1,1,1,60000.0,2.0,2.0,1.0,4.0,2.0,1.0,2.0,1.0,1,1,2.0,1.0,5,2,0.0,1.0,1.0,2.0,0,0.0,0,1,1.0,3.0,1.0,0.14285714285714285,5.4
84.0,1,5.0,2,4,1,12,4,3,2,2.0,3.0,1,5,1.0,4.0,2.0,1500.0,2.0,5000.0,3000.0,2,1,1,1,1,120000.0,2.0,3.0,2.0,6.0,1.0,1.0,1.0,1.0,1,1,2.0,0.5,5,2,1.0,1.0,0.5,4.0,2,0.0,1,1,2.0,2.0,1.0,0.46153846153846156,1.7142857142857142
84.0,1,2.0,2,1,1,2,1,3,1,1.0,3.0,2,5,2.0,0.0,2.0,1000.0,2.0,0.0,7000.0,2,2,2,1,3,20000.0,1.0,2.0,2.0,2.0,2.0,2.0,2.0,1.0,1,1,4.0,1.0,4,2,0.0,1.0,0.5,1.0,1,0.0,0,2,2.0,3.0,2.0,0.6666666666666666,0.6666666666666666
84.0,1,3.0,2,3,1,15,3,3,2,1.0,2.0,2,4,1.0,0.5,2.0,3000.0,2.0,0.0,5800.0,3,1,1,1,5,85000.0,1.0,3.0,2.0,6.0,1.0,1.0,1.0,1.0,2,1,2.0,1.0,5,2,2.0,1.0,1.0,3.0,2,0.0,0,1,1.0,2.0,2.0,0.375,2.142857142857143
84.0,1,3.0,2,1,1,6,1,3,2,1.0,3.0,2,4,1.0,1.0,2.0,800.0,2.0,0.0,5000.0,3,2,2,1,3,30000.0,2.0,2.0,2.0,5.0,2.0,1.0,1.0,1.0,1,1,2.0,0.5,5,2,2.0,1.0,0.5,6.0,3,1.0,0,2,1.0,3.0,2.0,0.7142857142857143,1.0
84.0,1,6.0,2,1,1,11,2,3,2,2.0,3.0,2,5,1.0,1.0,2.0,1000.0,2.0,0.0,12000.0,2,2,1,1,2,60000.0,2.0,3.0,2.0,4.0,2.0,2.0,2.0,1.0,1,1,2.0,1.0,5,2,0.0,1.0,1.0,2.0,1,0.0,1,2,2.0,3.0,2.0,0.3333333333333333,2.2
84.0,1,3.0,2,4,1,8,2,3,1,2.0,3.0,2,4,1.0,0.5,2.0,2000.0,2.0,0.0,8000.0,3,1,1,1,1,150000.0,2.0,3.0,3.0,9.0,2.0,1.0,2.0,1.0,1,1,2.0,1.0,5,2,0.0,1.0,1.0,4.0,2,0.0,1,2,2.0,3.0,1.0,1.0,0.8
84.0,1,4.0,2,4,1,8,2,3,2,2.0,3.0,2,3,1.0,1.0,2.0,1000.0,2.0,0.0,20000.0,3,1,1,1,1,60000.0,2.0,2.0,2.0,4.0,2.0,1.0,2.0,1.0,1,1,2.0,0.5,5,2,0.0,1.0,0.5,2.0,1,0.0,0,2,1.0,3.0,1.0,0.4444444444444444,1.6
84.0,1,4.0,2,1,1,16,5,3,1,2.0,3.0,2,4,1.0,1.0,1.0,1000.0,2.0,0.0,10000.0,3,1,1,1,2,40000.0,1.0,2.0,2.0,3.0,2.0,2.0,2.0,1.0,1,1,2.0,0.5,5,2,0.0,1.0,0.5,3.0,2,0.0,1,1,1.0,3.0,2.0,0.17647058823529413,4.0
84.0,1,3.0,2,1,1,6,2,3,1,1.0,2.0,1,4,1.0,1.0,2.0,1000.0,2.0,0.0,5000.0,3,1,1,1,3,90000.0,2.0,2.0,2.0,6.0,2.0,1.0,2.0,1.0,2,1,2.0,2.0,5,2,0.0,1.0,3.0,5.0,1,0.0,1,2,1.0,3.0,1.0,0.8571428571428571,0.8571428571428571
84.0,1,5.0,3,2,4,15,1,1,2,1.0,2.0,2,5,2.0,0.0,2.0,2000.0,2.0,0.0,8000.0,2,2,1,1,3,35000.0,1.0,2.0,2.0,20.0,2.0,2.0,2.0,1.0,3,1,3.0,1.0,4,1,0.0,1.0,1.0,5.0,3,1.0,1,3,1.0,1.0,1.0,1.25,0.7142857142857143
84.0,1,2.0,3,3,1,5,1,1,2,1.0,2.0,2,5,2.0,0.0,2.0,2000.0,2.0,0.0,9000.0,2,2,2,1,3,90000.0,2.0,3.0,2.0,4.0,1.0,2.0,2.0,1.0,2,2,3.0,4.0,4,1,0.0,2.0,4.0,6.0,2,1.0,0,5,1.0,2.0,2.0,0.6666666666666666,1.0
84.0,1,4.0,3,1,1,15,2,1,2,1.0,3.0,2,5,2.0,0.0,1.0,0.0,5.0,0.0,9000.0,2,2,2,1,1,90000.0,1.0,2.0,2.0,7.0,2.0,2.0,2.0,1.0,1,1,2.0,1.0,4,1,0.0,1.0,1.0,4.0,4,1.0,0,4,1.0,3.0,1.0,0.4375,1.875
84.0,1,5.0,3,1,1,5,1,1,2,1.0,3.0,2,5,1.0,3.0,2.0,2000.0,2.0,0.0,3000.0,2,2,1,1,3,45000.0,1.0,2.0,2.0,6.0,2.0,2.0,2.0,1.0,2,1,2.0,1.0,4,1,0.0,1.0,1.0,3.0,1,0.0,0,6,1.0,3.0,2.0,1.0,0.7142857142857143
84.0,1,2.0,3,3,1,3,1,3,1,1.0,2.0,1,4,1.0,5.0,1.0,2000.0,2.0,0.0,4000.0,3,2,2,2,3,45000.0,2.0,3.0,2.0,8.0,2.0,1.0,2.0,1.0,1,1,4.0,1.0,4,1,1.0,1.0,4.0,1.0,1,0.0,0,2,1.0,3.0,2.0,2.0,0.3333333333333333
84.0,1,5.0,3,1,1,10,2,3,2,3.0,2.0,1,5,1.0,2.0,2.0,2500.0,2.0,0.0,11000.0,2,1,2,1,5,80000.0,2.0,3.0,2.0,4.0,2.0,1.0,2.0,1.0,1,1,2.0,1.0,5,2,0.0,1.0,1.0,1.0,0,0.0,1,2,2.0,2.0,2.0,0.36363636363636365,2.0
84.0,1,5.0,3,1,1,5,1,2,2,2.0,2.0,2,4,1.0,1.0,2.0,1200.0,2.0,0.0,2000.0,3,2,1,2,2,60000.0,1.0,2.0,2.0,4.0,1.0,2.0,2.0,1.0,1,1,2.0,2.0,4,2,0.0,1.0,1.0,3.0,1,0.0,0,2,1.0,1.0,2.0,0.6666666666666666,1.0
84.0,1,3.0,3,5,4,4,1,6,1,2.0,2.0,1,2,1.0,3.0,2.0,2000.0,2.0,3750.0,1000.0,2,1,2,1,1,30000.0,2.0,3.0,3.0,4.0,2.0,1.0,2.0,1.0,1,1,1.0,1.0,5,2,0.0,1.0,1.0,2.0,0,0.0,0,0,2.0,2.0,2.0,0.8,0.8
84.0,1,2.0,3,6,1,2,1,7,1,2.0,2.0,1,3,1.0,4.0,2.0,2000.0,1.0,2000.0,600.0,3,1,2,1,3,50000.0,2.0,3.0,3.0,4.0,2.0,1.0,2.0,2.0,1,1,4.0,1.0,5,1,0.0,1.0,3.0,0.0,0,0.0,0,0,1.0,3.0,2.0,1.3333333333333333,0.4
84.0,1,4.0,3,4,1,10,1,1,2,2.0,3.0,2,4,1.0,3.0,1.0,3000.0,1.0,0.0,3000.0,3,1,1,1,1,50000.0,1.0,2.0,2.0,3.0,2.0,1.0,2.0,1.0,3,1,2.0,1.0,4,2,0.0,1.0,3.0,2.0,2,0.0,2,4,2.0,3.0,2.0,0.2727272727272727,2.5
84.0,1,5.0,3,3,1,30,3,1,1,2.0,3.0,2,4,1.0,2.0,2.0,3000.0,2.0,0.0,20000.0,3,1,1,1,3,70000.0,2.0,3.0,1.0,8.0,2.0,1.0,2.0,1.0,3,1,2.0,1.0,4,1,0.0,1.0,3.0,10.0,0,0.0,0,2,1.0,3.0,2.0,0.25806451612903225,3.3333333333333335
84.0,1,4.0,3,3,1,11,1,3,2,1.0,3.0,1,4,2.0,0.0,2.0,0.0,2.0,0.0,8000.0,3,2,2,1,2,90000.0,2.0,3.0,1.0,3.0,2.0,2.0,2.0,1.0,1,1,2.0,0.5,5,2,0.0,1.0,1.0,4.0,3,1.0,0,2,1.0,3.0,2.0,0.25,2.75
84.0,1,3.0,3,5,1,10,2,3,2,3.0,3.0,2,4,1.0,2.0,2.0,2000.0,1.0,0.0,13000.0,3,1,2,1,1,95000.0,1.0,2.0,1.0,2.0,2.0,1.0,2.0,1.0,2,1,3.0,1.0,5,2,0.0,1.0,1.0,7.0,2,0.0,0,2,1.0,3.0,1.0,0.18181818181818182,3.3333333333333335
84.0,1,2.0,3,6,4,3,3,6,1,2.0,2.0,1,1,1.0,4.0,2.0,2000.0,1.0,450.0,2000.0,1,1,1,1,1,3000.0,2.0,3.0,3.0,3.0,2.0,1.0,2.0,1.0,1,1,2.0,1.0,5,2,0.0,1.0,1.0,2.0,1,0.0,0,0,2.0,3.0,2.0,0.75,0.75
84.0,1,5.0,3,4,1,15,2,3,1,1.0,3.0,1,3,1.0,2.0,2.0,3000.0,2.0,0.0,14000.0,3,1,1,1,1,150000.0,2.0,2.0,2.0,7.0,2.0,1.0,2.0,1.0,1,1,1.0,1.0,5,1,0.0,1.0,1.0,4.0,2,0.0,1,1,1.0,3.0,2.0,0.4375,1.875
84.0,1,3.0,3,5,4,3,2,6,1,2.0,3.0,1,3,1.0,5.0,2.0,3000.0,2.0,3000.0,700.0,3,1,2,1,1,50000.0,2.0,3.0,3.0,5.0,2.0,1.0,2.0,1.0,1,1,4.0,1.0,5,2,0.0,1.0,1.0,3.0,1,0.0,1,0,2.0,3.0,2.0,1.25,0.5
84.0,1,2.0,3,5,4,3,2,6,1,2.0,3.0,1,2,1.0,4.0,2.0,3000.0,1.0,3000.0,900.0,2,1,2,1,1,20000.0,1.0,3.0,3.0,2.0,2.0,1.0,2.0,1.0,1,1,4.0,1.0,5,2,0.0,1.0,1.0,2.0,0,0.0,0,0,2.0,3.0,1.0,0.5,1.0
84.0,1,2.0,3,3,1,6,1,3,2,2.0,3.0,2,5,1.0,5.0,2.0,3000.0,2.0,0.0,5000.0,2,1,1,1,3,60000.0,2.0,2.0,2.0,3.0,2.0,1.0,2.0,1.0,2,1,2.0,0.5,5,2,0.0,1.0,1.2,6.0,6,0.0,0,2,1.0,3.0,1.0,0.42857142857142855,1.5
84.0,1,3.0,3,5,1,8,2,1,1,2.0,3.0,1,4,1.0,3.0,2.0,3000.0,2.0,5000.0,3000.0,3,1,1,1,1,60000.0,1.0,3.0,2.0,4.0,2.0,2.0,2.0,1.0,3,1,1.0,1.0,4,1,2.0,1.0,2.0,3.0,3,2.0,2,1,1.0,3.0,1.0,0.4444444444444444,1.6
84.0,1,3.0,3,4,1,6,2,3,1,2.0,2.0,1,4,1.0,1.0,2.0,2000.0,2.0,0.0,4000.0,3,1,2,1,1,50000.0,1.0,3.0,3.0,2.0,2.0,1.0,2.0,1.0,1,1,2.0,1.0,5,2,0.0,1.0,1.0,6.0,0,0.0,0,2,2.0,2.0,2.0,0.2857142857142857,2.0
84.0,1,3.0,3,5,1,10,3,3,1,2.0,3.0,1,3,1.0,4.0,2.0,3000.0,2.0,4500.0,2500.0,3,1,1,1,1,90000.0,1.0,3.0,2.0,6.0,2.0,1.0,1.0,1.0,1,1,2.0,1.0,5,2,1.0,1.0,1.0,4.0,6,0.0,0,2,2.0,3.0,1.0,0.5454545454545454,1.4285714285714286
84.0,1,1.0,3,4,1,23,1,1,2,1.0,3.0,2,5,1.0,3.0,2.0,3000.0,1.0,0.0,35000.0,2,2,2,1,2,150000.0,2.0,3.0,3.0,10.0,2.0,2.0,2.0,1.0,3,1,2.0,1.0,4,1,0.0,1.0,1.0,15.0,5,0.0,0,3,2.0,3.0,2.0,0.4166666666666667,2.090909090909091
84.0,1,4.0,3,5,1,12,2,3,1,1.0,3.0,1,5,1.0,2.0,2.0,3000.0,2.0,0.0,4000.0,2,1,1,1,3,5000.0,2.0,3.0,2.0,8.0,2.0,1.0,2.0,1.0,3,1,2.0,3.0,5,2,1.0,1.0,2.0,0.0,1,0.0,4,2,1.0,3.0,1.0,0.6153846153846154,1.3333333333333333
84.0,1,3.0,3,5,4,5,6,6,1,2.0,2.0,1,2,1.0,5.0,2.0,0.0,1.0,5000.0,3000.0,2,1,1,1,1,90000.0,2.0,3.0,3.0,6.0,2.0,1.0,2.0,1.0,1,1,1.0,1.0,5,2,0.0,1.0,1.0,4.0,0,0.0,0,0,2.0,2.0,1.0,1.0,0.7142857142857143
84.0,1,3.0,3,4,1,15,2,3,1,2.0,2.0,1,4,1.0,3.0,2.0,0.0,2.0,0.0,20000.0,3,1,1,1,2,7000.0,2.0,3.0,2.0,3.0,2.0,1.0,2.0,1.0,1,1,2.0,1.0,5,2,0.0,1.0,1.0,15.0,0,0.0,0,2,2.0,2.0,1.0,0.1875,3.75
84.0,1,5.0,3,4,1,5,1,3,1,1.0,3.0,2,5,1.0,1.0,1.0,1500.0,2.0,0.0,3000.0,2,1,2,1,3,50000.0,2.0,2.0,2.0,12.0,2.0,1.0,2.0,1.0,1,1,3.0,1.0,5,2,0.0,1.0,1.0,2.0,1,0.0,0,2,2.0,3.0,2.0,2.0,0.38461538461538464
84.0,1,5.0,3,4,2,10,1,3,1,3.0,3.0,2,3,1.0,1.0,2.0,2000.0,2.0,0.0,12000.0,3,1,1,1,3,60000.0,1.0,2.0,2.0,12.0,2.0,2.0,2.0,1.0,3,1,2.0,1.0,5,2,0.0,1.0,1.0,5.0,1,0.0,1,5,1.0,3.0,2.0,1.0909090909090908,0.7692307692307693
84.0,1,4.0,3,3,1,8,1,1,2,1.0,1.0,1,5,2.0,0.0,2.0,0.0,2.0,6000.0,10000.0,2,2,1,1,3,10000.0,1.0,3.0,2.0,15.0,2.0,1.0,2.0,1.0,1,1,2.0,3.0,4,1,1.0,1.0,1.0,7.0,6,1.0,6,3,1.0,2.0,2.0,1.6666666666666667,0.5
84.0,1,4.0,3,4,4,12,1,1,1,1.0,3.0,1,5,1.0,3.0,2.0,5000.0,2.0,0.0,10000.0,2,2,2,1,3,40000.0,1.0,3.0,2.0,5.0,2.0,2.0,2.0,1.0,1,1,2.0,4.0,3,1,2.0,1.0,1.0,5.0,0,0.0,0,2,2.0,3.0,1.0,0.38461538461538464,2.0
84.0,1,3.0,3,4,1,10,1,4,1,3.0,3.0,1,3,1.0,15.0,1.0,3000.0,1.0,6000.0,7000.0,3,2,2,1,3,50000.0,1.0,2.0,2.0,5.0,2.0,1.0,2.0,1.0,3,1,2.0,1.0,5,2,1.0,1.0,2.0,2.0,1,2.0,0,3,2.0,3.0,2.0,0.45454545454545453,1.6666666666666667
84.0,1,6.0,3,4,1,13,3,4,1,2.0,3.0,1,4,1.0,5.0,1.0,2000.0,1.0,380.0,4000.0,3,1,1,1,3,150000.0,2.0,3.0,2.0,9.0,2.0,1.0,2.0,1.0,2,1,2.0,2.0,5,2,2.8,1.0,2.0,4.0,0,0.0,0,0,1.0,3.0,2.0,0.6428571428571429,1.3
84.0,1,3.0,3,5,1,7,3,3,2,3.0,3.0,1,5,1.0,6.0,1.0,3000.0,2.0,500.0,5000.0,2,1,1,1,1,55000.0,2.0,3.0,2.0,7.0,2.0,1.0,2.0,1.0,1,1,2.0,1.2,5,2,2.0,1.0,0.5,2.0,0,0.0,1,0,2.0,3.0,1.0,0.875,0.875
84.0,1,2.0,3,2,1,13,1,1,2,2.0,2.0,2,5,2.0,0.0,1.0,0.0,2.0,0.0,20000.0,2,2,2,1,3,18000.0,2.0,2.0,2.0,6.0,2.0,2.0,2.0,1.0,2,1,2.0,1.2,4,2,0.0,1.0,1.2,13.0,13,0.0,0,2,2.0,2.0,2.0,0.42857142857142855,1.8571428571428572
84.0,1,2.0,3,3,1,8,1,1,2,2.0,3.0,2,5,1.0,5.0,2.0,3000.0,2.0,0.0,2000.0,2,1,1,1,3,30000.0,1.0,2.0,2.0,5.0,2.0,2.0,2.0,1.0,2,1,2.0,1.2,4,1,0.0,1.0,1.2,8.0,8,0.0,0,0,2.0,3.0,2.0,0.5555555555555556,1.3333333333333333
84.0,1,2.0,3,4,1,7,2,3,2,2.0,3.0,2,5,1.0,5.0,2.0,3000.0,2.0,0.0,14000.0,2,1,1,1,3,90000.0,2.0,3.0,2.0,4.0,2.0,1.0,2.0,1.0,2,1,2.0,1.2,4,2,0.0,1.0,1.2,7.0,7,0.0,0,1,2.0,3.0,2.0,0.5,1.4
84.0,1,2.0,3,4,1,2,1,3,2,2.0,1.0,2,5,2.0,0.0,2.0,0.0,2.0,0.0,4000.0,2,2,1,1,3,37000.0,2.0,2.0,2.0,3.0,2.0,1.0,2.0,1.0,2,1,2.0,1.2,5,2,0.0,1.0,1.2,2.0,2,0.0,0,2,2.0,3.0,2.0,1.0,0.5
84.0,1,3.0,3,1,1,6,2,3,2,2.0,2.0,1,3,2.0,0.0,2.0,0.0,2.0,0.0,9000.0,3,2,2,1,1,4000.0,3.0,3.0,2.0,2.0,2.0,2.0,1.0,1.0,1,2,1.0,5.0,5,1,1.0,1.0,1.0,1.0,0,0.0,0,2,1.0,3.0,2.0,0.2857142857142857,2.0
84.0,1,3.0,3,3,1,5,2,3,2,2.0,3.0,2,3,1.0,2.0,2.0,2000.0,2.0,0.0,6000.0,3,2,2,1,3,4000.0,1.0,2.0,2.0,4.0,2.0,2.0,2.0,1.0,1,1,2.0,1.0,5,2,2.0,1.0,1.0,4.0,1,0.0,0,3,1.0,3.0,2.0,0.6666666666666666,1.0
84.0,1,5.0,3,1,1,9,3,3,2,2.0,3.0,1,4,1.0,2.0,2.0,5000.0,2.0,0.0,20000.0,3,1,1,1,3,80000.0,1.0,2.0,2.0,4.0,2.0,1.0,2.0,1.0,1,1,2.0,1.0,5,2,2.0,1.0,1.0,8.0,2,0.0,0,2,1.0,3.0,2.0,0.4,1.8
84.0,1,3.0,3,4,1,3,2,3,2,2.0,3.0,1,4,2.0,0.0,2.0,0.0,2.0,0.0,5000.0,3,2,1,1,1,50000.0,2.0,3.0,2.0,4.0,2.0,1.0,2.0,1.0,1,1,2.0,1.0,5,2,2.0,1.0,1.0,3.0,0,0.0,0,3,2.0,3.0,1.0,1.0,0.6
84.0,1,3.0,3,3,1,7,2,3,2,2.0,3.0,1,4,1.0,2.0,2.0,2000.0,2.0,0.0,2000.0,3,1,1,1,2,60000.0,2.0,3.0,2.0,1.0,2.0,1.0,2.0,1.0,1,1,2.0,1.0,5,2,2.0,1.0,1.0,4.0,0,0.0,0,3,2.0,3.0,2.0,0.125,3.5
84.0,1,6.0,3,1,1,12,1,3,2,2.0,2.0,2,5,2.0,0.0,1.0,0.0,2.0,0.0,20000.0,2,2,2,1,1,50000.0,2.0,3.0,2.0,5.0,2.0,1.0,2.0,1.0,2,1,2.0,1.2,5,2,0.0,1.0,12.0,12.0,12,0.0,0,15,1.0,3.0,2.0,0.38461538461538464,2.0
84.0,1,3.0,3,1,1,13,7,3,2,2.0,3.0,2,5,1.0,5.0,2.0,3000.0,2.0,0.0,13000.0,2,1,1,1,5,100000.0,2.0,3.0,2.0,8.0,2.0,1.0,2.0,1.0,2,1,2.0,1.2,5,2,0.0,1.0,1.2,5.0,5,0.0,0,0,1.0,3.0,2.0,0.5714285714285714,1.4444444444444444
84.0,1,3.0,3,4,1,15,5,3,2,2.0,3.0,2,5,1.0,5.0,2.0,3000.0,2.0,0.0,13900.0,2,1,1,1,2,90000.0,2.0,3.0,2.0,8.0,2.0,1.0,2.0,1.0,2,1,2.0,1.2,5,2,0.0,1.0,1.2,10.0,10,0.0,0,1,1.0,3.0,2.0,0.5,1.6666666666666667
84.0,1,2.0,3,4,1,4,1,3,2,2.0,3.0,2,5,2.0,0.0,2.0,0.0,2.0,0.0,500.0,2,2,2,1,2,25000.0,2.0,3.0,2.0,2.0,2.0,1.0,2.0,1.0,2,1,2.0,1.2,5,2,0.0,1.0,1.2,4.0,4,1.0,0,1,2.0,3.0,2.0,0.4,1.3333333333333333
84.0,1,2.0,3,4,1,4,1,3,2,1.0,3.0,2,4,1.0,2.0,1.0,2000.0,2.0,1500.0,2000.0,3,1,2,1,2,30000.0,1.0,3.0,2.0,12.0,2.0,1.0,2.0,1.0,3,1,2.0,1.0,4,1,0.0,1.0,1.0,4.0,0,0.0,0,1,2.0,3.0,2.0,2.4,0.3076923076923077
84.0,1,3.0,3,3,1,6,2,3,2,2.0,3.0,2,3,1.0,2.0,2.0,2000.0,2.0,0.0,7000.0,3,2,1,1,3,60000.0,2.0,2.0,2.0,3.0,2.0,1.0,2.0,1.0,2,1,2.0,1.0,5,1,0.0,1.0,1.0,3.0,2,0.0,0,1,2.0,3.0,2.0,0.42857142857142855,1.5
84.0,1,1.0,3,3,1,3,1,3,2,2.0,3.0,1,3,2.0,0.0,2.0,0.0,2.0,0.0,15000.0,3,2,1,1,3,20000.0,2.0,2.0,2.0,4.0,2.0,1.0,2.0,1.0,2,1,2.0,1.0,5,1,0.0,1.0,1.0,1.0,4,1.0,0,5,1.0,3.0,2.0,1.0,0.6
84.0,1,3.0,3,5,1,5,3,3,1,2.0,3.0,1,4,1.0,5.0,2.0,2000.0,2.0,2250.0,1000.0,3,1,1,1,1,45000.0,2.0,3.0,2.0,7.0,2.0,1.0,2.0,1.0,2,1,2.0,1.0,5,1,0.0,1.0,1.0,2.0,2,0.0,0,1,1.0,3.0,1.0,1.1666666666666667,0.625
84.0,1,4.0,3,1,1,16,5,3,2,2.0,3.0,1,4,1.0,2.0,2.0,2000.0,2.0,0.0,12000.0,3,1,1,1,3,200000.0,2.0,3.0,2.0,11.0,1.0,1.0,2.0,1.0,2,1,1.0,1.0,5,2,0.0,1.0,0.5,4.0,0,0.0,1,3,1.0,3.0,1.0,0.6470588235294118,1.3333333333333333
84.0,1,3.0,3,1,1,8,2,1,1,2.0,2.0,1,3,2.0,0.0,2.0,0.0,2.0,0.0,3500.0,3,2,2,1,3,15000.0,1.0,3.0,1.0,3.0,2.0,2.0,2.0,1.0,1,1,2.0,0.5,5,2,2.0,1.0,0.5,2.0,0,0.0,1,1,1.0,2.0,2.0,0.3333333333333333,2.0
84.0,1,6.0,3,2,1,16,3,1,2,1.0,2.0,1,3,1.0,3.0,2.0,2000.0,2.0,0.0,3000.0,3,2,2,1,5,30000.0,2.0,3.0,2.0,3.0,2.0,2.0,2.0,1.0,1,1,2.0,0.5,5,1,0.0,1.0,1.0,6.0,3,0.0,0,9,1.0,2.0,2.0,0.17647058823529413,4.0
84.0,1,4.0,3,1,1,8,2,1,1,1.0,3.0,1,4,2.0,0.0,2.0,0.0,2.0,0.0,1000.0,3,2,1,1,3,30000.0,2.0,1.0,2.0,7.0,1.0,2.0,2.0,1.0,2,1,4.0,2.0,4,1,1.0,1.0,2.0,6.0,0,0.0,1,3,1.0,3.0,2.0,0.7777777777777778,1.0
84.0,1,3.0,3,2,1,11,2,1,2,1.0,3.0,1,5,1.0,3.0,2.0,3000.0,2.0,0.0,7000.0,2,2,1,1,5,100000.0,1.0,2.0,1.0,2.0,2.0,2.0,2.0,1.0,1,1,2.0,1.0,4,2,0.0,1.0,1.0,2.0,1,0.0,0,1,1.0,3.0,2.0,0.16666666666666666,3.6666666666666665
84.0,1,2.0,3,1,1,6,1,1,1,2.0,2.0,1,4,2.0,0.0,2.0,0.0,2.0,0.0,6900.0,3,2,2,1,1,15000.0,2.0,3.0,2.0,2.0,2.0,2.0,2.0,1.0,1,1,2.0,1.0,4,1,0.0,1.0,1.0,4.0,0,0.0,0,1,1.0,3.0,2.0,0.2857142857142857,2.0
84.0,1,3.0,3,3,1,13,1,1,2,1.0,3.0,1,4,1.0,4.0,1.0,3000.0,2.0,0.0,16000.0,3,2,2,1,2,100000.0,1.0,2.0,1.0,4.0,2.0,2.0,2.0,1.0,1,1,2.0,1.0,4,1,1.5,1.0,1.0,3.0,0,0.0,0,1,1.0,3.0,2.0,0.2857142857142857,2.6
84.0,1,4.0,3,4,1,11,2,3,1,2.0,2.0,1,3,1.0,3.0,2.0,2000.0,2.0,0.0,12000.0,3,1,1,1,1,100000.0,1.0,2.0,1.0,3.0,1.0,2.0,1.0,1.0,1,1,2.0,1.0,5,2,0.0,1.0,1.0,6.0,0,0.0,2,1,1.0,3.0,2.0,0.25,2.75
84.0,1,3.0,3,4,1,9,3,1,1,1.0,2.0,1,4,1.0,4.0,2.0,0.0,2.0,0.0,10000.0,3,1,2,1,2,100000.0,2.0,2.0,1.0,3.0,1.0,2.0,2.0,1.0,1,1,2.0,1.0,4,2,0.0,1.0,1.0,3.0,0,1.0,1,1,1.0,3.0,2.0,0.3,2.25
84.0,1,3.0,3,4,1,8,1,3,2,2.0,2.0,2,5,1.0,5.0,2.0,3000.0,2.0,0.0,12000.0,2,2,2,1,3,40000.0,2.0,3.0,2.0,6.0,2.0,1.0,1.0,1.0,2,1,2.0,1.2,5,2,0.0,1.0,1.2,4.0,4,0.0,1,1,1.0,2.0,2.0,0.6666666666666666,1.1428571428571428
84.0,1,4.0,3,2,1,28,2,3,1,2.0,3.0,2,5,1.0,5.0,2.0,3000.0,2.0,0.0,30000.0,2,1,1,1,3,15000.0,2.0,3.0,2.0,9.0,2.0,1.0,2.0,1.0,2,1,2.0,1.2,5,2,1.0,1.0,1.2,10.0,10,0.0,1,13,1.0,3.0,2.0,0.3103448275862069,2.8
84.0,1,3.0,3,4,1,9,2,1,2,2.0,2.0,2,5,1.0,5.0,2.0,3000.0,2.0,0.0,12000.0,2,2,2,1,3,90000.0,2.0,3.0,2.0,5.0,2.0,2.0,2.0,1.0,2,1,2.0,1.2,4,2,0.0,1.0,1.2,9.0,9,0.0,0,3,1.0,3.0,1.0,0.5,1.5
84.0,1,3.0,3,4,1,13,4,3,2,2.0,3.0,2,5,1.0,5.0,2.0,3000.0,2.0,0.0,20000.0,2,1,1,1,4,100000.0,2.0,3.0,2.0,5.0,2.0,1.0,2.0,1.0,2,1,2.0,1.2,5,2,0.0,1.0,1.2,3.0,3,0.0,0,1,1.0,3.0,1.0,0.35714285714285715,2.1666666666666665
84.0,2,3.0,4,1,4,6,1,4,2,2.0,1.0,1,3,1.0,0.0,2.0,2000.0,1.0,0.0,4500.0,3,2,2,2,6,60000.0,1.0,3.0,2.0,2.0,1.0,2.0,2.0,1.0,1,1,2.0,1.0,5,2,0.0,1.0,0.5,3.0,3,2.0,1,0,1.0,2.0,2.0,0.2857142857142857,2.0
84.0,1,5.0,4,3,1,7,3,4,2,2.0,2.0,1,5,1.0,10.0,2.0,2000.0,1.0,0.0,4500.0,2,1,1,1,5,60000.0,2.0,3.0,2.0,3.0,1.0,1.0,2.0,1.0,1,1,3.0,0.5,5,2,0.0,1.0,0.5,3.0,3,1.0,2,0,2.0,3.0,2.0,0.375,1.75
84.0,2,3.0,4,2,1,7,2,4,2,2.0,2.0,1,5,1.0,10.0,2.0,2000.0,1.0,0.0,4500.0,2,2,2,2,6,60000.0,3.0,3.0,2.0,2.0,1.0,2.0,2.0,1.0,1,1,2.0,1.0,5,1,0.0,1.0,0.5,5.0,3,0.0,2,0,1.0,3.0,2.0,0.25,2.3333333333333335
84.0,1,4.0,4,6,4,4,7,6,1,2.0,3.0,1,2,1.0,15.0,2.0,10000.0,1.0,10000.0,1000.0,2,1,1,1,1,250000.0,3.0,3.0,3.0,3.0,1.0,1.0,1.0,1.0,1,1,1.0,15.0,5,2,0.0,1.0,5.0,2.0,0,0.0,0,0,2.0,3.0,1.0,0.6,1.0
84.0,1,5.0,4,3,1,8,1,4,2,2.0,1.0,1,5,1.0,8.0,2.0,1000.0,2.0,0.0,3000.0,2,2,2,1,6,20000.0,1.0,3.0,1.0,1.0,1.0,1.0,1.0,1.0,2,1,2.0,0.5,5,1,0.0,1.0,0.5,5.0,5,0.0,3,2,1.0,2.0,2.0,0.1111111111111111,4.0
84.0,1,3.0,4,3,1,6,3,4,2,2.0,2.0,1,5,1.0,4.0,2.0,2000.0,2.0,0.0,4000.0,2,1,1,1,2,45000.0,3.0,3.0,2.0,2.0,1.0,1.0,2.0,1.0,1,1,2.0,0.5,5,2,0.0,1.0,0.5,3.0,3,0.0,2,1,1.0,3.0,2.0,0.2857142857142857,2.0
84.0,1,3.0,4,4,1,8,3,4,2,2.0,2.0,1,5,1.0,10.0,2.0,1000.0,1.0,0.0,0.0,2,2,2,1,6,45000.0,3.0,3.0,2.0,2.0,1.0,1.0,2.0,1.0,1,1,2.0,0.5,5,2,0.0,1.0,0.5,3.0,3,0.0,2,1,1.0,3.0,2.0,0.2222222222222222,2.6666666666666665
84.0,1,4.0,4,1,1,6,2,3,1,2.0,2.0,1,5,1.0,10.0,2.0,1000.0,1.0,0.0,3500.0,2,2,1,1,6,4500.0,3.0,3.0,2.0,2.0,1.0,2.0,2.0,1.0,1,1,2.0,0.5,5,2,0.0,1.0,1.0,3.0,3,0.0,2,1,1.0,2.0,2.0,0.2857142857142857,2.0
84.0,1,6.0,4,4,1,5,2,4,2,2.0,2.0,1,5,1.0,12.0,2.0,2000.0,1.0,0.0,0.0,2,2,2,1,6,3000.0,4.0,3.0,2.0,2.0,1.0,2.0,2.0,1.0,2,1,2.0,1.0,5,1,0.0,1.0,1.0,3.0,3,0.0,0,1,1.0,3.0,2.0,0.3333333333333333,1.6666666666666667
84.0,1,5.0,4,4,1,9,3,4,1,2.0,2.0,1,5,1.0,18.0,2.0,3000.0,1.0,0.0,4500.0,2,1,1,1,2,60000.0,2.0,3.0,2.0,4.0,1.0,1.0,2.0,1.0,1,1,2.0,0.5,5,2,0.0,1.0,0.5,3.0,3,0.0,0,1,1.0,3.0,2.0,0.4,1.8
84.0,1,3.0,4,6,4,6,6,6,1,2.0,3.0,1,2,1.0,8.0,2.0,2000.0,2.0,0.0,0.0,2,1,1,1,1,60000.0,2.0,3.0,3.0,4.0,1.0,1.0,2.0,1.0,3,1,1.0,2.0,5,2,0.0,1.0,1.0,3.0,0,0.0,0,0,2.0,4.0,1.0,0.5714285714285714,1.2
84.0,1,4.0,4,4,1,12,7,4,1,2.0,3.0,1,3,1.0,8.0,2.0,2000.0,1.0,0.0,4500.0,3,1,1,1,2,60000.0,2.0,3.0,2.0,6.0,1.0,1.0,2.0,1.0,1,1,2.0,1.0,5,2,0.0,1.0,0.5,5.0,5,0.0,0,2,2.0,3.0,2.0,0.46153846153846156,1.7142857142857142
84.0,1,4.0,4,4,1,9,6,4,1,2.0,3.0,1,3,1.0,8.0,2.0,2000.0,2.0,0.0,4500.0,3,1,1,1,2,60000.0,2.0,3.0,3.0,4.0,1.0,1.0,2.0,1.0,1,1,2.0,0.5,5,2,0.0,1.0,0.5,7.0,5,0.0,2,2,1.0,3.0,2.0,0.4,1.8
84.0,1,5.0,4,4,1,7,2,4,2,2.0,1.0,1,3,1.0,8.0,2.0,2000.0,2.0,0.0,4500.0,3,2,2,1,6,60000.0,4.0,3.0,2.0,2.0,1.0,2.0,2.0,1.0,1,1,3.0,0.5,5,1,0.0,1.0,0.5,6.0,4,0.0,2,2,1.0,2.0,2.0,0.25,2.3333333333333335
84.0,1,3.0,4,2,1,10,7,4,1,2.0,3.0,1,3,1.0,8.0,2.0,2000.0,2.0,0.0,4500.0,3,1,1,1,6,60000.0,3.0,3.0,3.0,4.0,1.0,1.0,2.0,1.0,1,1,3.0,0.5,5,2,0.0,1.0,0.5,4.0,4,0.0,2,0,1.0,3.0,2.0,0.36363636363636365,2.0
84.0,1,2.0,4,2,1,8,3,4,1,2.0,2.0,1,3,1.0,2.0,2.0,2000.0,2.0,0.0,4500.0,3,1,1,1,6,60000.0,2.0,3.0,3.0,3.0,2.0,1.0,2.0,1.0,3,1,3.0,0.5,5,2,0.0,1.0,1.5,3.0,3,0.0,2,0,2.0,3.0,2.0,0.3333333333333333,2.0
84.0,1,2.0,4,3,4,2,2,4,1,2.0,2.0,1,3,1.0,4.0,1.0,2000.0,2.0,0.0,4500.0,3,2,2,1,2,60000.0,1.0,2.0,2.0,6.0,2.0,1.0,2.0,1.0,3,1,4.0,0.0,4,2,0.0,1.0,1.0,1.0,1,0.0,0,0,2.0,3.0,2.0,2.0,0.2857142857142857
84.0,1,1.0,4,2,1,2,2,4,1,2.0,2.0,1,3,1.0,8.0,2.0,2000.0,2.0,0.0,4500.0,3,1,2,1,6,60000.0,3.0,3.0,2.0,3.0,2.0,1.0,2.0,1.0,3,1,4.0,0.5,4,2,0.0,1.0,1.0,1.0,1,0.0,0,0,2.0,3.0,2.0,1.0,0.5
84.0,1,5.0,4,5,4,7,3,6,1,2.0,2.0,1,2,1.0,10.0,2.0,2000.0,2.0,0.0,0.0,2,1,1,1,1,60000.0,2.0,3.0,3.0,4.0,1.0,1.0,1.0,1.0,1,1,1.0,2.0,5,2,0.0,1.0,0.4,3.0,0,0.0,0,0,2.0,3.0,1.0,0.5,1.4
84.0,1,5.0,4,4,1,5,2,4,2,2.0,1.0,1,3,1.0,10.0,2.0,2000.0,2.0,0.0,4500.0,3,1,1,1,6,60000.0,4.0,3.0,2.0,2.0,1.0,2.0,2.0,1.0,1,1,2.0,0.5,5,1,0.0,1.0,1.0,3.0,3,0.0,2,1,1.0,2.0,2.0,0.3333333333333333,1.6666666666666667
84.0,1,3.0,4,6,1,5,5,4,2,2.0,3.0,1,3,1.0,2.0,1.0,1500.0,2.0,8000.0,6000.0,3,1,1,1,1,100000.0,2.0,3.0,2.0,6.0,1.0,1.0,1.0,1.0,1,1,1.0,1.0,5,2,0.0,1.0,0.2,4.0,1,0.0,0,2,2.0,3.0,1.0,1.0,0.7142857142857143
84.0,2,5.0,4,4,1,18,3,4,2,2.0,2.0,1,4,1.0,12.0,2.0,2000.0,1.0,1100.0,6000.0,3,2,1,1,6,60000.0,3.0,2.0,1.0,3.0,1.0,2.0,2.0,1.0,2,1,2.0,0.5,4,1,0.0,1.0,0.4,12.0,10,0.0,5,3,1.0,2.0,2.0,0.15789473684210525,4.5
84.0,1,5.0,4,4,4,3,3,4,1,2.0,2.0,1,4,1.0,8.0,2.0,3000.0,2.0,0.0,4000.0,3,1,2,1,6,60000.0,2.0,3.0,2.0,5.0,1.0,1.0,2.0,1.0,1,2,2.0,0.5,5,2,0.0,1.0,0.4,2.0,2,0.0,0,0,2.0,3.0,2.0,1.25,0.5
84.0,2,2.0,4,4,4,4,2,4,1,2.0,2.0,1,4,1.0,0.0,2.0,2000.0,2.0,0.0,3000.0,3,1,2,1,6,50000.0,2.0,3.0,2.0,3.0,1.0,1.0,2.0,1.0,1,1,3.0,1.0,5,2,0.0,1.0,0.5,2.0,2,0.0,1,3,2.0,3.0,2.0,0.6,1.0
84.0,1,4.0,4,4,1,8,4,4,2,2.0,3.0,1,4,1.0,8.0,2.0,2000.0,1.0,0.0,5000.0,3,1,1,1,2,90000.0,2.0,2.0,2.0,4.0,1.0,1.0,2.0,1.0,1,2,2.0,0.5,5,2,0.0,1.0,0.5,5.0,3,0.0,2,2,1.0,3.0,2.0,0.4444444444444444,1.6
84.0,1,4.0,4,4,1,7,4,4,1,2.0,3.0,1,4,1.0,6.0,2.0,2000.0,2.0,0.0,5000.0,3,1,1,1,2,60000.0,2.0,2.0,2.0,4.0,1.0,1.0,2.0,1.0,1,1,3.0,0.5,5,2,0.0,1.0,0.5,3.0,3,0.0,0,0,1.0,3.0,2.0,0.5,1.4
84.0,1,4.0,4,2,1,10,2,3,2,2.0,2.0,1,5,2.0,0.0,2.0,0.0,2.0,0.0,5000.0,2,2,2,1,6,60000.0,2.0,3.0,1.0,3.0,2.0,1.0,2.0,1.0,2,1,2.0,0.5,5,1,0.0,2.0,3.0,5.0,3,0.0,2,2,1.0,2.0,2.0,0.2727272727272727,2.5
84.0,1,4.0,4,5,4,7,7,6,1,2.0,3.0,1,2,1.0,4.0,2.0,3000.0,2.0,10000.0,0.0,2,1,1,1,2,150000.0,2.0,3.0,3.0,4.0,2.0,1.0,2.0,1.0,3,1,1.0,1.0,5,2,0.0,2.0,2.0,3.0,0,0.0,0,0,2.0,3.0,2.0,0.5,1.4
84.0,1,2.0,4,5,4,2,2,6,1,2.0,2.0,1,3,1.0,4.0,2.0,2000.0,2.0,4000.0,0.0,3,1,1,1,2,45000.0,3.0,3.0,3.0,3.0,2.0,1.0,2.0,1.0,2,1,4.0,0.0,0,2,0.0,2.0,2.0,0.0,0,0.0,0,0,2.0,3.0,2.0,1.0,0.5
84.0,1,4.0,4,4,1,8,2,4,2,2.0,1.0,1,5,1.0,10.0,2.0,1000.0,2.0,0.0,3000.0,2,2,2,2,6,30000.0,3.0,3.0,2.0,2.0,1.0,2.0,2.0,2.0,1,1,3.0,0.5,5,1,0.0,1.0,0.5,5.0,4,2.0,3,2,1.0,2.0,2.0,0.2222222222222222,2.6666666666666665
84.0,1,4.0,4,4,1,6,2,4,2,2.0,2.0,1,5,1.0,4.0,2.0,1500.0,2.0,0.0,3000.0,2,2,2,1,2,45000.0,3.0,2.0,2.0,2.0,1.0,2.0,2.0,1.0,2,1,2.0,0.5,4,1,0.0,1.0,0.5,4.0,4,1.0,2,1,1.0,2.0,2.0,0.2857142857142857,2.0
84.0,1,4.0,4,4,1,6,3,4,2,2.0,2.0,1,5,1.0,4.0,1.0,1000.0,2.0,0.0,3000.0,2,2,2,1,2,40000.0,3.0,2.0,2.0,2.0,1.0,1.0,2.0,1.0,2,1,2.0,0.5,5,1,0.0,1.0,1.0,5.0,3,1.0,2,2,1.0,3.0,2.0,0.2857142857142857,2.0
84.0,1,6.0,4,1,1,5,7,3,1,2.0,3.0,1,5,1.0,8.0,2.0,5000.0,2.0,0.0,10000.0,2,1,1,2,3,300000.0,2.0,3.0,2.0,6.0,1.0,1.0,2.0,1.0,1,1,2.0,0.5,5,2,0.0,1.0,0.5,3.0,2,0.0,0,1,1.0,4.0,2.0,1.0,0.7142857142857143
84.0,1,5.0,4,1,1,10,5,3,2,2.0,2.0,1,5,1.0,8.0,2.0,1000.0,2.0,0.0,5000.0,2,1,2,1,6,60000.0,3.0,2.0,1.0,3.0,1.0,2.0,2.0,1.0,1,1,2.0,0.5,5,1,0.0,1.0,5.0,7.0,7,1.0,3,2,1.0,3.0,2.0,0.2727272727272727,2.5
84.0,1,5.0,4,4,1,7,3,4,2,2.0,2.0,1,5,1.0,4.0,1.0,1000.0,2.0,0.0,4500.0,2,1,2,1,6,50000.0,3.0,3.0,2.0,3.0,2.0,2.0,2.0,1.0,3,1,2.0,1.0,5,1,0.0,1.0,1.0,5.0,5,1.0,3,2,1.0,2.0,2.0,0.375,1.75
84.0,1,5.0,4,4,1,6,4,4,1,2.0,2.0,1,5,1.0,8.0,2.0,2000.0,2.0,0.0,4000.0,2,1,1,1,1,60000.0,1.0,3.0,2.0,3.0,1.0,1.0,1.0,1.0,1,1,2.0,0.5,5,2,0.0,1.0,0.5,3.0,2,0.0,0,1,2.0,3.0,1.0,0.42857142857142855,1.5
84.0,1,5.0,4,4,1,5,3,4,1,2.0,2.0,1,5,1.0,6.0,2.0,2000.0,2.0,0.0,4500.0,2,1,1,1,2,45000.0,1.0,3.0,2.0,4.0,1.0,1.0,2.0,1.0,1,1,2.0,0.5,5,2,0.0,1.0,0.5,3.0,3,0.0,0,1,2.0,3.0,2.0,0.6666666666666666,1.0
84.0,1,3.0,4,5,4,4,2,6,1,2.0,3.0,1,2,1.0,2.0,2.0,3000.0,2.0,7000.0,0.0,2,1,1,1,1,60000.0,2.0,3.0,2.0,4.0,2.0,1.0,2.0,1.0,1,1,1.0,1.0,5,2,0.0,1.0,0.5,2.0,0,0.0,0,0,2.0,3.0,1.0,0.8,0.8
84.0,1,4.0,4,4,4,3,1,4,2,2.0,1.0,1,4,2.0,0.0,2.0,0.0,2.0,0.0,0.0,3,2,2,1,6,25000.0,4.0,2.0,1.0,1.0,1.0,2.0,2.0,1.0,1,1,2.0,0.5,4,2,0.0,1.0,0.5,2.0,2,1.0,1,1,1.0,2.0,2.0,0.25,1.5
84.0,1,3.0,4,4,1,11,2,4,2,2.0,2.0,1,4,1.0,8.0,2.0,2000.0,2.0,0.0,4000.0,3,2,2,1,6,40000.0,3.0,2.0,3.0,3.0,1.0,1.0,1.0,1.0,2,1,2.0,0.5,5,2,0.0,1.0,0.5,6.0,5,0.0,4,2,1.0,3.0,2.0,0.25,2.75
84.0,1,4.0,4,5,4,10,7,6,1,2.0,3.0,1,2,1.0,6.0,2.0,5000.0,2.0,10000.0,0.0,2,1,1,1,2,200000.0,3.0,3.0,2.0,5.0,1.0,1.0,2.0,1.0,2,1,1.0,0.5,5,2,0.0,1.0,1.0,5.0,0,0.0,0,0,2.0,3.0,1.0,0.45454545454545453,1.6666666666666667
84.0,1,6.0,4,1,1,8,2,3,1,2.0,2.0,1,5,2.0,0.0,2.0,0.0,2.0,0.0,3500.0,2,2,1,1,6,40000.0,2.0,3.0,1.0,4.0,2.0,2.0,2.0,1.0,3,1,3.0,0.5,5,1,0.0,1.0,1.0,6.0,5,1.0,3,2,1.0,2.0,2.0,0.4444444444444444,1.6
84.0,1,6.0,4,4,1,9,2,4,2,2.0,2.0,1,5,1.0,12.0,2.0,2000.0,2.0,0.0,4000.0,2,1,1,1,6,50000.0,2.0,2.0,2.0,3.0,1.0,1.0,2.0,1.0,2,1,3.0,0.5,5,2,0.0,1.0,1.0,4.0,4,0.0,2,1,1.0,3.0,2.0,0.3,2.25
84.0,2,6.0,4,1,4,5,7,4,1,2.0,3.0,1,5,1.0,8.0,2.0,3000.0,2.0,0.0,3500.0,2,1,1,2,4,100000.0,2.0,3.0,2.0,6.0,1.0,2.0,2.0,1.0,1,1,4.0,0.5,4,2,0.0,1.0,0.2,5.0,5,0.0,0,0,2.0,3.0,2.0,1.0,0.7142857142857143
84.0,1,5.0,4,5,4,7,7,6,1,2.0,3.0,1,2,1.0,10.0,2.0,4000.0,2.0,8000.0,1000.0,2,1,1,1,2,200000.0,2.0,3.0,3.0,6.0,1.0,1.0,2.0,1.0,2,1,2.0,4.0,5,2,0.0,1.0,0.5,3.0,0,0.0,0,0,2.0,3.0,2.0,0.75,1.0
84.0,1,5.0,4,1,1,8,3,3,2,2.0,2.0,1,5,1.0,10.0,2.0,2000.0,2.0,0.0,3500.0,2,2,1,1,6,60000.0,3.0,2.0,2.0,2.0,1.0,2.0,2.0,1.0,2,1,2.0,0.5,5,1,0.0,1.0,15.0,5.0,4,1.0,3,2,1.0,3.0,2.0,0.2222222222222222,2.6666666666666665
84.0,1,3.0,4,4,4,5,3,4,2,2.0,2.0,1,5,1.0,12.0,2.0,2000.0,2.0,0.0,3000.0,2,1,2,1,6,45000.0,2.0,3.0,2.0,2.0,1.0,1.0,2.0,1.0,1,1,3.0,1.0,5,2,0.0,1.0,0.5,3.0,2,0.0,1,0,2.0,3.0,2.0,0.3333333333333333,1.6666666666666667
84.0,1,6.0,4,3,1,10,7,4,1,2.0,3.0,1,4,1.0,10.0,1.0,5000.0,1.0,0.0,6000.0,3,1,1,1,2,150000.0,2.0,3.0,2.0,8.0,1.0,1.0,2.0,1.0,1,1,2.0,0.5,5,2,0.0,1.0,1.0,6.0,4,1.0,0,1,1.0,3.0,2.0,0.7272727272727273,1.1111111111111112
84.0,1,2.0,4,5,4,4,2,6,1,2.0,3.0,1,2,1.0,10.0,2.0,2000.0,2.0,5000.0,0.0,2,1,1,1,1,50000.0,1.0,3.0,2.0,3.0,1.0,1.0,2.0,1.0,1,1,4.0,0.0,0,2,0.0,1.0,0.5,2.0,0,0.0,0,0,2.0,3.0,2.0,0.6,1.0
84.0,1,4.0,4,5,1,8,5,4,2,2.0,3.0,1,4,1.0,8.0,2.0,2000.0,1.0,0.0,4500.0,3,1,1,1,1,60000.0,1.0,3.0,2.0,3.0,1.0,1.0,1.0,1.0,2,1,1.0,4.0,5,2,0.0,1.0,0.5,5.0,3,0.0,3,1,2.0,3.0,1.0,0.3333333333333333,2.0
84.0,1,5.0,4,2,4,10,4,4,1,2.0,3.0,1,3,1.0,4.0,2.0,3000.0,2.0,0.0,6000.0,3,1,1,1,5,60000.0,2.0,3.0,2.0,4.0,2.0,1.0,2.0,2.0,3,1,2.0,2.0,5,2,0.0,1.0,3.0,8.0,7,0.0,5,1,1.0,3.0,2.0,0.36363636363636365,2.0
84.0,1,5.0,4,4,1,15,3,4,2,2.0,2.0,1,3,1.0,8.0,2.0,2000.0,1.0,0.0,4500.0,3,1,1,1,2,60000.0,4.0,3.0,2.0,3.0,1.0,1.0,2.0,1.0,1,1,3.0,1.0,5,1,0.0,1.0,0.5,10.0,8,1.0,6,3,1.0,2.0,2.0,0.1875,3.75
84.0,1,5.0,4,1,1,10,4,3,2,2.0,2.0,1,5,2.0,0.0,2.0,0.0,2.0,0.0,6000.0,2,2,2,1,6,60000.0,3.0,2.0,1.0,2.0,1.0,1.0,2.0,1.0,1,1,2.0,0.5,5,1,0.0,1.0,0.5,10.0,8,2.0,5,2,1.0,3.0,2.0,0.18181818181818182,3.3333333333333335
84.0,1,4.0,4,1,1,7,3,4,2,2.0,2.0,1,3,1.0,8.0,2.0,2000.0,2.0,0.0,3500.0,3,2,2,1,6,60000.0,3.0,2.0,1.0,2.0,1.0,2.0,2.0,1.0,1,1,4.0,0.0,0,1,0.0,1.0,0.5,5.0,5,0.0,4,1,1.0,2.0,2.0,0.25,2.3333333333333335
84.0,2,4.0,4,1,4,5,2,3,2,2.0,2.0,1,5,1.0,8.0,2.0,500.0,2.0,0.0,3000.0,2,2,2,1,3,60000.0,3.0,2.0,1.0,1.0,1.0,2.0,2.0,1.0,2,1,2.0,1.0,5,1,0.0,1.0,0.5,5.0,3,0.0,2,1,1.0,3.0,2.0,0.16666666666666666,2.5
84.0,1,5.0,4,3,1,7,3,4,2,2.0,2.0,1,5,1.0,10.0,1.0,2000.0,1.0,0.0,4500.0,2,1,1,1,2,60000.0,2.0,3.0,2.0,3.0,1.0,1.0,2.0,1.0,2,1,2.0,2.0,5,1,0.0,1.0,0.5,3.0,3,0.0,2,1,1.0,3.0,2.0,0.375,1.75
84.0,1,6.0,4,1,1,5,6,4,2,2.0,2.0,1,5,1.0,8.0,2.0,2000.0,1.0,0.0,3000.0,2,2,2,1,2,60000.0,3.0,2.0,1.0,1.0,1.0,2.0,2.0,1.0,1,1,4.0,0.0,0,1,0.0,1.0,0.5,3.0,3,0.0,2,2,1.0,3.0,2.0,0.16666666666666666,2.5
84.0,1,5.0,4,1,1,18,3,3,2,2.0,2.0,1,5,1.0,1.0,2.0,2000.0,1.0,0.0,6000.0,2,2,2,1,6,75000.0,3.0,2.0,1.0,3.0,2.0,2.0,2.0,1.0,1,1,2.0,1.0,5,1,0.0,1.0,1.0,12.0,10,2.0,8,3,1.0,2.0,2.0,0.15789473684210525,4.5
84.0,1,5.0,4,3,1,7,2,4,2,2.0,2.0,1,4,1.0,1.0,2.0,1000.0,1.0,0.0,4000.0,3,2,2,1,6,40000.0,4.0,3.0,2.0,2.0,1.0,2.0,2.0,1.0,2,1,2.0,0.5,5,1,0.0,1.0,0.5,4.0,4,1.0,2,1,1.0,2.0,2.0,0.25,2.3333333333333335
84.0,1,5.0,4,1,1,6,2,4,2,2.0,2.0,1,4,1.0,8.0,2.0,1000.0,1.0,0.0,5000.0,3,2,2,1,6,4500.0,4.0,3.0,2.0,2.0,1.0,1.0,2.0,1.0,1,1,2.0,1.0,5,2,0.0,1.0,0.25,5.0,4,0.0,2,1,1.0,3.0,2.0,0.2857142857142857,2.0
84.0,1,2.0,5,4,1,3,1,3,2,2.0,1.0,1,4,1.0,1.0,2.0,1000.0,2.0,0.0,3500.0,3,1,1,1,1,80000.0,2.0,3.0,2.0,2.0,1.0,1.0,2.0,1.0,1,1,2.0,1.0,0,2,0.0,1.0,0.5,4.0,0,1.0,0,1,2.0,2.0,1.0,0.5,1.0
84.0,1,4.0,5,2,1,5,2,3,1,2.0,2.0,1,5,1.0,1.0,2.0,0.0,2.0,0.0,6000.0,2,2,1,1,2,60000.0,1.0,2.0,2.0,2.0,1.0,1.0,2.0,1.0,1,1,2.0,1.0,5,2,0.0,1.0,1.0,3.0,1,1.0,1,1,1.0,4.0,2.0,0.3333333333333333,1.6666666666666667
84.0,1,4.0,5,4,1,6,2,3,1,2.0,2.0,1,4,1.0,2.0,2.0,1000.0,2.0,0.0,6000.0,3,2,1,1,1,130000.0,1.0,2.0,2.0,4.0,1.0,1.0,1.0,1.0,2,1,2.0,1.0,5,2,0.0,1.0,1.0,4.0,1,1.0,0,1,2.0,2.0,1.0,0.5714285714285714,1.2
84.0,1,5.0,5,3,1,9,2,3,1,2.0,2.0,2,3,1.0,2.0,2.0,1000.0,2.0,0.0,6000.0,3,1,1,1,1,75000.0,2.0,2.0,2.0,2.0,1.0,1.0,2.0,1.0,2,1,2.0,1.0,5,1,2.0,1.0,1.0,2.0,0,0.0,0,1,1.0,2.0,1.0,0.2,3.0
84.0,1,3.0,5,1,1,6,2,3,2,2.0,3.0,1,4,1.0,0.0,2.0,500.0,2.0,0.0,4000.0,3,1,1,1,2,60000.0,2.0,3.0,2.0,3.0,1.0,1.0,2.0,1.0,2,1,1.0,0.5,5,2,0.0,1.0,0.5,1.0,0,0.0,1,2,2.0,3.0,2.0,0.42857142857142855,1.5
84.0,1,3.0,5,3,1,7,2,3,1,2.0,3.0,1,4,1.0,1.0,2.0,500.0,2.0,0.0,10000.0,3,2,1,1,2,150000.0,1.0,2.0,2.0,3.0,1.0,1.0,2.0,1.0,2,1,2.0,0.5,3,2,0.0,1.0,1.0,3.0,1,0.0,2,2,1.0,3.0,2.0,0.375,1.75
84.0,1,2.0,5,5,4,3,1,6,1,2.0,2.0,1,2,1.0,1.0,2.0,1000.0,2.0,5200.0,0.0,2,1,1,1,2,60000.0,2.0,3.0,2.0,2.0,1.0,1.0,2.0,1.0,1,1,2.0,1.0,5,2,0.0,1.0,1.0,3.0,0,0.0,0,0,2.0,3.0,2.0,0.5,1.0
84.0,1,2.0,5,3,1,11,1,3,2,2.0,2.0,1,5,1.0,0.0,2.0,1000.0,2.0,0.0,4500.0,2,1,1,1,3,90000.0,2.0,3.0,3.0,4.0,1.0,1.0,2.0,1.0,1,1,2.0,1.0,5,2,0.0,1.0,1.0,4.0,0,0.0,0,1,1.0,3.0,2.0,0.3333333333333333,2.2
84.0,1,2.0,5,3,1,3,3,3,1,2.0,3.0,1,5,1.0,1.0,2.0,1000.0,2.0,0.0,5000.0,2,2,1,1,2,40000.0,2.0,3.0,2.0,2.0,1.0,1.0,2.0,1.0,3,1,2.0,1.0,5,2,2.0,1.0,2.0,1.0,0,0.0,0,1,1.0,3.0,2.0,0.5,1.0
84.0,1,1.0,5,3,1,5,2,3,1,2.0,3.0,1,5,2.0,0.0,2.0,0.0,2.0,0.0,1000.0,2,2,2,1,2,70000.0,3.0,3.0,2.0,4.0,2.0,1.0,2.0,1.0,2,1,2.0,1.0,5,2,0.0,1.0,1.0,0.0,0,0.0,2,2,1.0,3.0,2.0,0.6666666666666666,1.0
84.0,1,5.0,5,4,1,18,2,3,2,2.0,3.0,1,4,1.0,2.0,2.0,500.0,2.0,0.0,12000.0,3,2,1,1,1,90000.0,1.0,2.0,1.0,2.0,1.0,2.0,1.0,1.0,1,1,2.0,1.0,5,2,0.0,1.0,1.0,6.0,2,0.0,0,1,1.0,2.0,1.0,0.10526315789473684,6.0
84.0,1,4.0,5,3,1,11,2,3,2,2.0,2.0,1,4,2.0,0.0,2.0,0.0,2.0,0.0,15000.0,3,2,2,1,2,60000.0,1.0,2.0,1.0,2.0,2.0,2.0,2.0,1.0,2,1,2.0,1.0,5,2,0.0,1.0,1.0,1.0,1,0.0,0,2,1.0,2.0,2.0,0.16666666666666666,3.6666666666666665
84.0,1,3.0,5,3,1,6,1,3,2,2.0,2.0,1,5,2.0,0.0,1.0,0.0,2.0,0.0,2000.0,2,2,2,1,2,60000.0,1.0,2.0,1.0,2.0,2.0,1.0,2.0,1.0,1,1,2.0,1.0,5,2,0.0,1.0,1.0,4.0,0,0.0,1,3,1.0,3.0,2.0,0.2857142857142857,2.0
84.0,1,4.0,5,4,1,15,4,3,1,2.0,3.0,1,5,1.0,2.0,1.0,1000.0,2.0,0.0,13000.0,2,1,1,1,1,150000.0,3.0,3.0,2.0,5.0,2.0,1.0,1.0,1.0,2,1,2.0,1.5,5,2,0.0,1.0,1.5,1.0,1,0.0,2,1,1.0,3.0,1.0,0.3125,2.5
84.0,1,2.0,5,5,4,3,4,6,1,2.0,4.0,1,3,1.0,2.0,2.0,1000.0,2.0,5000.0,0.0,3,1,1,1,2,120000.0,2.0,3.0,2.0,2.0,2.0,1.0,2.0,1.0,2,1,3.0,1.0,5,2,0.0,1.0,1.0,3.0,0,0.0,0,0,2.0,3.0,1.0,0.5,1.0
84.0,1,2.0,5,4,1,2,3,4,1,2.0,3.0,1,3,2.0,0.0,2.0,0.0,2.0,0.0,1500.0,3,2,1,1,2,60000.0,3.0,3.0,2.0,5.0,2.0,1.0,2.0,1.0,2,1,4.0,1.0,5,2,0.0,1.0,1.0,0.0,0,0.0,0,0,2.0,3.0,2.0,1.6666666666666667,0.3333333333333333
84.0,1,4.0,5,3,1,12,2,3,2,2.0,1.0,1,5,2.0,0.0,2.0,0.0,2.0,0.0,11000.0,2,2,2,1,2,90000.0,2.0,3.0,2.0,4.0,2.0,2.0,2.0,1.0,1,1,2.0,1.0,5,2,0.0,1.0,1.0,2.0,1,0.0,0,1,1.0,2.0,2.0,0.3076923076923077,2.4
84.0,1,5.0,5,4,1,10,2,3,2,2.0,2.0,1,5,2.0,0.0,2.0,0.0,2.0,0.0,14000.0,2,2,2,1,3,36000.0,2.0,2.0,1.0,3.0,2.0,1.0,1.0,1.0,2,1,2.0,1.0,5,2,0.0,1.0,1.0,0.0,0,0.0,0,2,1.0,2.0,2.0,0.2727272727272727,2.5
84.0,1,5.0,5,1,1,9,2,3,2,2.0,1.0,1,5,2.0,0.0,2.0,0.0,2.0,0.0,17000.0,2,2,1,1,2,60000.0,2.0,2.0,1.0,4.0,2.0,2.0,2.0,1.0,2,1,2.0,1.5,5,2,0.0,1.0,2.0,6.0,3,2.0,2,1,2.0,3.0,2.0,0.4,1.8
84.0,1,3.0,5,3,1,9,2,3,1,2.0,2.0,1,4,1.0,1.0,2.0,1000.0,2.0,7000.0,1500.0,3,1,1,1,2,55000.0,2.0,3.0,2.0,2.0,2.0,1.0,1.0,1.0,2,1,1.0,1.0,5,2,0.0,1.0,1.0,3.0,1,0.0,0,1,2.0,2.0,2.0,0.2,3.0
84.0,1,5.0,5,1,1,4,1,1,1,2.0,2.0,2,5,1.0,2.0,2.0,3000.0,1.0,4500.0,3500.0,2,1,1,1,1,36000.0,1.0,2.0,2.0,2.0,2.0,2.0,2.0,1.0,1,1,2.0,1.0,4,1,0.0,1.0,1.0,0.0,0,0.0,0,2,1.0,2.0,2.0,0.4,1.3333333333333333
84.0,1,3.0,5,5,1,6,2,4,2,3.0,3.0,1,4,2.0,0.0,1.0,0.0,1.0,0.0,29000.0,3,2,1,1,1,45000.0,1.0,3.0,2.0,4.0,2.0,1.0,2.0,1.0,1,1,2.0,1.2,5,1,6.0,1.0,1.2,0.0,0,0.0,0,0,2.0,3.0,1.0,0.5714285714285714,1.2
84.0,1,5.0,5,1,1,8,1,1,2,1.0,2.0,2,5,1.0,2.0,2.0,5000.0,2.0,0.0,2700.0,2,2,1,1,1,60000.0,1.0,2.0,2.0,2.0,1.0,2.0,1.0,1.0,1,1,2.0,1.0,5,1,0.0,1.0,1.0,5.0,2,2.0,1,2,1.0,3.0,1.0,0.2222222222222222,2.6666666666666665
84.0,1,3.0,5,4,1,7,2,4,2,2.0,3.0,1,3,1.0,5.0,2.0,1000.0,2.0,0.0,4900.0,3,2,1,1,1,90000.0,1.0,2.0,2.0,4.0,1.0,1.0,2.0,1.0,2,1,2.0,1.0,5,2,2.0,1.0,1.0,5.0,2,1.0,1,0,1.0,3.0,1.0,0.5,1.4
84.0,2,1.0,5,4,1,4,1,4,1,2.0,3.0,1,3,2.0,0.0,2.0,1000.0,2.0,0.0,2100.0,3,2,1,1,1,60000.0,2.0,2.0,2.0,3.0,1.0,1.0,1.0,1.0,1,1,2.0,1.0,5,2,2.0,1.0,1.0,3.0,1,1.0,0,0,1.0,3.0,1.0,0.6,1.0
84.0,1,3.0,5,4,1,10,2,4,2,2.0,3.0,2,3,2.0,0.0,2.0,0.0,2.0,0.0,14000.0,3,2,1,1,1,100000.0,1.0,2.0,2.0,6.0,1.0,1.0,1.0,1.0,1,1,2.0,1.0,5,2,2.0,1.0,1.0,6.0,3,2.0,1,0,1.0,3.0,1.0,0.5454545454545454,1.4285714285714286
84.0,1,2.0,5,5,1,5,5,3,1,3.0,3.0,1,4,2.0,0.0,2.0,0.0,2.0,0.0,1200.0,3,2,1,1,2,100000.0,2.0,3.0,2.0,3.0,2.0,1.0,1.0,1.0,3,1,2.0,2.0,5,2,2.0,1.0,1.0,2.0,0,0.0,0,0,1.0,3.0,2.0,0.5,1.25
84.0,1,3.0,5,4,1,10,2,1,2,2.0,2.0,2,4,2.0,0.0,2.0,0.0,2.0,0.0,13600.0,3,2,2,1,1,150000.0,2.0,2.0,1.0,6.0,2.0,2.0,2.0,2.0,3,1,2.0,1.0,4,2,0.0,1.0,3.0,6.0,4,2.0,0,1,2.0,2.0,2.0,0.5454545454545454,1.4285714285714286
84.0,1,5.0,5,5,4,3,2,6,1,2.0,3.0,1,2,1.0,2.0,2.0,0.0,2.0,0.0,5000.0,2,1,1,1,2,60000.0,4.0,3.0,1.0,6.0,1.0,1.0,2.0,1.0,1,1,1.0,1.0,5,2,1.0,1.0,2.0,2.0,0,0.0,0,0,1.0,2.0,1.0,1.5,0.42857142857142855
84.0,1,5.0,5,5,4,3,2,6,1,2.0,3.0,1,2,1.0,2.0,2.0,0.0,2.0,0.0,3000.0,2,2,1,1,2,60000.0,4.0,3.0,1.0,6.0,1.0,1.0,2.0,1.0,1,1,1.0,1.0,5,2,1.0,1.0,2.0,2.0,0,0.0,0,2,1.0,3.0,1.0,1.5,0.42857142857142855
84.0,1,4.0,5,4,1,16,3,3,2,2.0,3.0,2,5,1.0,12.0,2.0,2000.0,6.0,0.0,20000.0,2,2,1,1,1,120000.0,2.0,2.0,2.0,4.0,2.0,1.0,1.0,1.0,2,1,2.0,2.0,5,2,1.2,1.0,1.0,3.0,1,0.0,0,2,2.0,3.0,1.0,0.23529411764705882,3.2
84.0,1,4.0,5,5,1,12,3,3,1,2.0,3.0,2,4,1.0,4.0,2.0,1000.0,2.0,0.0,13000.0,3,1,1,1,1,60000.0,2.0,3.0,2.0,5.0,2.0,1.0,1.0,1.0,3,1,2.0,1.0,5,2,0.0,1.0,2.0,2.0,0,0.0,0,2,2.0,3.0,1.0,0.38461538461538464,2.0
84.0,1,3.0,5,5,1,10,5,3,2,2.0,5.0,1,4,1.0,4.0,2.0,2000.0,2.0,0.0,13700.0,3,1,1,1,2,130000.0,2.0,3.0,2.0,6.0,2.0,1.0,2.0,1.0,1,1,1.0,0.5,5,2,0.0,1.0,1.0,0.0,0,0.0,0,2,2.0,3.0,2.0,0.5454545454545454,1.4285714285714286
84.0,1,6.0,5,4,1,10,3,3,2,2.0,3.0,1,3,1.0,4.0,2.0,1000.0,2.0,0.0,12900.0,3,1,1,1,1,60000.0,2.0,3.0,2.0,6.0,2.0,1.0,1.0,1.0,1,1,2.0,1.2,5,2,0.0,1.0,1.5,0.0,0,0.0,0,2,2.0,3.0,1.0,0.5454545454545454,1.4285714285714286
84.0,1,6.0,5,5,1,17,2,3,1,2.0,3.0,2,4,1.0,4.0,2.0,0.0,2.0,0.0,20000.0,3,2,1,1,3,60000.0,2.0,3.0,2.0,4.0,1.0,2.0,2.0,1.0,1,1,2.0,1.0,0,1,0.0,1.0,1.0,3.0,0,0.0,0,2,1.0,3.0,2.0,0.2222222222222222,3.4
84.0,1,5.0,5,1,1,13,1,1,1,1.0,1.0,1,5,2.0,0.0,2.0,0.0,2.0,0.0,3000.0,2,2,1,1,3,60000.0,2.0,3.0,2.0,2.0,1.0,1.0,2.0,1.0,2,1,2.0,1.0,4,1,3.0,1.0,1.0,5.0,0,0.0,0,2,1.0,3.0,2.0,0.14285714285714285,4.333333333333333
84.0,1,4.0,5,2,1,15,4,3,2,2.0,2.0,1,4,1.0,3.0,2.0,1000.0,2.0,0.0,6900.0,3,1,1,1,1,120000.0,1.0,2.0,2.0,3.0,2.0,1.0,1.0,1.0,1,1,2.0,1.0,5,2,0.0,1.0,1.5,2.0,2,0.0,0,0,2.0,3.0,2.0,0.1875,3.75
84.0,1,2.0,5,2,1,12,2,3,2,3.0,3.0,1,2,1.0,0.0,2.0,10000.0,2.0,3000.0,5000.0,2,2,1,1,2,50000.0,1.0,2.0,2.0,5.0,2.0,1.0,1.0,1.0,2,1,2.0,3.0,5,2,2.0,1.0,5.0,10.0,3,2.0,8,5,1.0,3.0,2.0,0.38461538461538464,2.0
84.0,1,4.0,5,2,1,20,6,3,2,3.0,3.0,2,4,1.0,3.0,2.0,1000.0,4.0,0.0,9000.0,3,2,1,1,1,150000.0,2.0,3.0,2.0,6.0,2.0,1.0,1.0,1.0,1,1,2.0,1.2,5,2,0.0,1.0,1.2,3.0,0,0.0,0,3,1.0,3.0,1.0,0.2857142857142857,2.857142857142857
84.0,1,4.0,5,1,1,6,3,3,2,3.0,2.0,2,5,1.0,15.0,2.0,1000.0,2.0,0.0,8000.0,2,2,2,1,2,90000.0,2.0,2.0,1.0,2.0,2.0,1.0,2.0,1.0,3,1,2.0,2.0,3,1,3.2,1.0,1.2,4.0,4,0.0,2,1,1.0,2.0,2.0,0.2857142857142857,2.0
84.0,1,3.0,5,2,1,3,4,3,1,2.0,3.0,2,5,1.0,15.0,2.0,500.0,2.0,0.0,4000.0,2,2,1,1,1,200000.0,3.0,3.0,2.0,3.0,2.0,1.0,1.0,1.0,1,1,2.0,1.2,5,2,0.0,1.0,1.2,2.0,1,0.0,0,2,2.0,3.0,1.0,0.75,0.75
84.0,1,3.0,5,2,1,2,1,3,2,2.0,3.0,2,4,1.0,2.0,2.0,1000.0,2.0,0.0,7500.0,3,2,1,1,2,45000.0,2.0,3.0,2.0,2.0,2.0,2.0,2.0,1.0,1,1,2.0,1.0,5,2,0.0,1.0,1.0,2.0,1,0.0,1,2,1.0,3.0,2.0,0.6666666666666666,0.6666666666666666
84.0,1,4.0,5,5,1,15,5,3,1,2.0,3.0,2,4,1.0,3.0,2.0,0.0,2.0,0.0,7900.0,3,1,1,1,1,140000.0,2.0,3.0,2.0,6.0,2.0,1.0,1.0,1.0,1,1,2.0,1.0,5,2,0.0,1.0,1.0,3.0,0,0.0,1,2,1.0,3.0,1.0,0.375,2.142857142857143
84.0,1,5.0,5,4,1,20,3,3,2,2.0,3.0,1,3,2.0,0.0,2.0,0.0,2.0,0.0,10000.0,3,2,1,1,1,150000.0,1.0,2.0,2.0,3.0,1.0,1.0,2.0,1.0,1,1,2.0,0.5,5,1,0.0,1.0,1.0,3.0,2,0.0,1,5,2.0,3.0,1.0,0.14285714285714285,5.0
84.0,1,2.0,5,5,4,3,2,6,1,1.0,2.0,1,1,1.0,9.0,2.0,0.0,1.0,0.0,700.0,1,2,1,1,1,20000.0,1.0,3.0,2.0,2.0,2.0,1.0,1.0,1.0,2,1,1.0,3.0,5,2,0.0,2.0,4.0,9.0,0,0.0,0,0,1.0,2.0,1.0,0.5,1.0
84.0,1,5.0,5,4,1,10,3,3,1,2.0,3.0,1,4,2.0,0.0,2.0,0.0,2.0,0.0,6000.0,3,2,1,1,1,90000.0,1.0,2.0,1.0,2.0,1.0,1.0,1.0,1.0,1,1,2.0,1.0,5,2,1.0,1.0,1.0,3.0,1,0.0,2,6,2.0,3.0,1.0,0.18181818181818182,3.3333333333333335
84.0,1,4.0,5,3,1,10,4,3,1,2.0,3.0,1,4,1.0,1.0,2.0,1000.0,2.0,0.0,6000.0,3,2,1,1,2,150000.0,2.0,2.0,2.0,4.0,1.0,1.0,2.0,1.0,2,1,2.0,1.0,5,2,0.0,1.0,1.0,4.0,2,0.0,1,7,1.0,3.0,2.0,0.36363636363636365,2.0
84.0,1,4.0,5,2,1,9,2,3,2,2.0,3.0,1,4,1.0,1.0,2.0,2000.0,2.0,0.0,4900.0,3,2,2,1,1,120000.0,2.0,2.0,2.0,4.0,1.0,1.0,2.0,1.0,1,1,2.0,1.0,5,2,1.0,1.0,1.0,3.0,1,0.0,0,2,2.0,3.0,1.0,0.4,1.8
84.0,1,4.0,5,4,1,8,4,3,1,1.0,2.0,1,4,1.0,1.0,2.0,1000.0,2.0,0.0,9900.0,3,1,1,1,1,150000.0,1.0,2.0,1.0,3.0,1.0,1.0,1.0,1.0,1,1,2.0,1.0,5,2,0.5,1.0,1.0,3.0,1,1.0,1,2,1.0,2.0,1.0,0.3333333333333333,2.0
84.0,1,4.0,5,5,1,7,4,3,1,2.0,2.0,2,4,1.0,2.0,2.0,2000.0,2.0,0.0,8950.0,3,2,2,1,1,40000.0,2.0,2.0,2.0,3.0,2.0,1.0,1.0,1.0,2,1,2.0,2.0,5,2,0.0,1.0,2.0,2.0,0,0.0,0,2,1.0,3.0,1.0,0.375,1.75
84.0,1,4.0,5,2,1,8,1,3,2,3.0,3.0,1,4,2.0,0.0,2.0,0.0,2.0,0.0,10000.0,3,2,1,1,3,30000.0,1.0,2.0,2.0,2.0,2.0,2.0,2.0,1.0,1,1,2.0,1.0,5,2,0.0,1.0,1.0,0.0,0,0.0,0,2,1.0,3.0,2.0,0.2222222222222222,2.6666666666666665
84.0,1,5.0,5,2,1,9,2,3,2,3.0,2.0,2,4,1.0,10.0,2.0,0.0,2.0,0.0,11000.0,3,2,2,1,1,60000.0,1.0,2.0,2.0,4.0,2.0,1.0,1.0,1.0,2,1,2.0,1.2,5,2,2.0,1.0,1.2,5.0,2,0.0,2,2,1.0,3.0,1.0,0.4,1.8
84.0,1,5.0,5,3,1,18,2,1,1,3.0,3.0,2,5,2.0,0.0,2.0,0.0,4.0,0.0,9000.0,2,2,2,2,1,90000.0,1.0,2.0,2.0,6.0,2.0,1.0,2.0,1.0,1,1,2.0,1.0,4,2,0.0,1.0,1.0,1.0,0,0.0,0,2,2.0,3.0,1.0,0.3157894736842105,2.5714285714285716
84.0,1,5.0,5,2,1,15,5,3,1,2.0,3.0,2,4,1.0,0.5,2.0,0.0,2.0,0.0,8000.0,3,1,1,1,1,60000.0,1.0,2.0,2.0,15.0,2.0,1.0,1.0,1.0,1,1,2.0,1.0,5,1,0.0,1.0,1.0,0.0,0,0.0,0,2,1.0,3.0,1.0,0.9375,0.9375
84.0,1,1.0,5,2,1,15,4,1,2,2.0,3.0,2,4,1.0,0.5,2.0,5000.0,4.0,3000.0,3000.0,3,1,1,1,1,2500.0,2.0,3.0,2.0,5.0,2.0,2.0,1.0,1.0,2,1,2.0,1.0,4,2,0.0,1.0,1.0,2.0,1,0.0,1,2,2.0,3.0,1.0,0.3125,2.5
84.0,1,3.0,5,5,4,3,5,6,1,2.0,3.0,1,2,1.0,4.0,2.0,0.0,1.0,0.0,2000.0,2,1,1,1,1,70000.0,2.0,3.0,2.0,4.0,2.0,1.0,2.0,1.0,1,1,1.0,1.2,5,2,0.0,1.0,2.0,1.0,0,0.0,0,0,1.0,3.0,1.0,1.0,0.6
84.0,1,3.0,5,3,1,3,1,3,1,2.0,2.0,1,4,2.0,0.0,2.0,0.0,2.0,0.0,3000.0,3,2,2,1,2,60000.0,2.0,2.0,2.0,3.0,1.0,2.0,2.0,1.0,2,1,2.0,1.0,0,1,0.0,1.0,1.0,2.0,0,1.0,0,1,1.0,3.0,2.0,0.75,0.75
84.0,1,5.0,5,3,1,15,2,3,1,1.0,3.0,1,5,1.0,1.0,2.0,5000.0,2.0,0.0,9000.0,2,2,1,1,1,90000.0,2.0,2.0,1.0,4.0,2.0,1.0,2.0,1.0,3,1,2.0,2.0,4,2,0.0,1.0,2.0,2.0,2,0.0,0,1,2.0,3.0,1.0,0.25,3.0
84.0,1,4.0,5,5,1,18,5,3,1,3.0,3.0,1,4,1.0,0.0,2.0,1000.0,2.0,0.0,21000.0,3,1,1,1,1,250000.0,2.0,3.0,2.0,6.0,2.0,1.0,1.0,1.0,2,1,2.0,3.0,5,2,2.0,1.0,5.0,10.0,5,2.0,8,1,1.0,3.0,2.0,0.3157894736842105,2.5714285714285716
84.0,1,5.0,5,2,1,13,1,3,2,2.0,1.0,1,5,1.0,0.0,2.0,1000.0,2.0,0.0,20000.0,2,2,2,1,5,60000.0,1.0,2.0,1.0,2.0,2.0,1.0,2.0,1.0,2,1,1.0,2.0,5,2,2.0,1.0,2.0,4.0,2,0.0,1,8,1.0,2.0,2.0,0.14285714285714285,4.333333333333333
84.0,1,6.0,5,1,1,14,1,3,1,2.0,3.0,2,4,2.0,0.0,2.0,0.0,2.0,0.0,3000.0,3,2,1,1,3,90000.0,1.0,2.0,2.0,4.0,1.0,1.0,1.0,1.0,1,1,2.0,1.0,5,1,1.0,1.0,0.5,6.0,0,0.0,0,1,1.0,2.0,1.0,0.26666666666666666,2.8
84.0,1,4.0,5,4,1,15,3,3,1,2.0,2.0,1,5,2.0,0.0,2.0,0.0,2.0,0.0,21000.0,2,2,1,1,1,150000.0,2.0,2.0,1.0,6.0,2.0,1.0,1.0,1.0,3,1,2.0,1.0,5,1,0.0,1.0,1.0,0.0,0,0.0,1,3,2.0,3.0,1.0,0.375,2.142857142857143
84.0,1,6.0,5,2,1,25,1,3,1,2.0,1.0,1,4,2.0,0.0,2.0,0.0,2.0,0.0,3000.0,3,2,1,1,4,90000.0,1.0,2.0,2.0,4.0,1.0,1.0,2.0,1.0,2,1,2.0,1.5,5,1,2.0,1.0,1.0,7.0,2,1.0,2,4,1.0,2.0,2.0,0.15384615384615385,5.0
84.0,1,4.0,5,2,1,15,2,3,1,2.0,3.0,1,4,2.0,0.0,2.0,0.0,2.0,0.0,4500.0,3,2,1,1,2,150000.0,2.0,3.0,2.0,4.0,1.0,1.0,2.0,1.0,1,1,2.0,0.5,4,2,0.0,1.0,1.0,5.0,3,0.0,1,4,1.0,3.0,2.0,0.25,3.0
84.0,2,5.0,5,3,1,5,1,4,2,1.0,2.0,2,2,2.0,0.0,2.0,2500.0,2.0,0.0,2900.0,2,1,1,1,2,36000.0,1.0,2.0,2.0,3.0,2.0,1.0,2.0,1.0,2,1,2.0,1.2,5,1,3.0,1.0,1.0,0.0,0,0.0,0,0,1.0,3.0,1.0,0.5,1.25
84.0,1,3.0,5,5,1,7,2,4,1,3.0,3.0,2,2,1.0,1.0,2.0,1000.0,2.0,5000.0,6000.0,2,1,1,1,1,60000.0,1.0,3.0,2.0,4.0,2.0,1.0,1.0,1.0,3,1,1.0,3.0,5,1,0.0,1.0,2.0,0.0,0,0.0,0,2,1.0,3.0,2.0,0.5,1.4
84.0,1,6.0,5,2,1,10,7,3,1,2.0,1.0,1,5,2.0,0.0,2.0,0.0,2.0,0.0,12000.0,2,2,2,1,5,60000.0,2.0,2.0,2.0,2.0,2.0,1.0,2.0,1.0,1,1,2.0,1.2,5,2,0.0,1.0,1.2,0.0,0,0.0,0,7,1.0,2.0,2.0,0.18181818181818182,3.3333333333333335
84.0,1,2.0,5,4,1,15,1,4,1,2.0,1.0,2,4,2.0,0.0,2.0,0.0,2.0,0.0,0.0,3,2,2,1,3,45000.0,3.0,1.0,1.0,1.0,2.0,2.0,2.0,2.0,2,1,2.0,5.0,5,2,2.0,1.0,1.0,6.0,0,0.0,0,2,1.0,3.0,2.0,0.0625,7.5
84.0,1,2.0,5,4,1,2,2,4,1,2.0,1.0,1,5,2.0,0.0,1.0,0.0,2.0,0.0,1200.0,2,2,2,1,2,45000.0,2.0,3.0,2.0,1.0,2.0,1.0,2.0,1.0,3,1,4.0,1.0,5,1,0.0,1.0,2.5,1.0,2,0.0,0,0,1.0,3.0,2.0,0.3333333333333333,1.0
84.0,1,4.0,5,3,1,7,3,3,1,3.0,3.0,1,5,1.0,0.0,2.0,0.0,1.0,0.0,13000.0,2,2,2,2,2,15000.0,2.0,2.0,2.0,2.0,2.0,1.0,2.0,1.0,1,2,2.0,2.0,5,2,0.0,1.0,2.0,0.0,0,0.0,0,1,1.0,3.0,2.0,0.25,2.3333333333333335
84.0,1,4.0,5,3,1,6,2,3,1,3.0,3.0,1,5,1.0,0.0,2.0,1000.0,1.0,0.0,8000.0,2,2,2,2,1,15000.0,2.0,3.0,2.0,2.0,2.0,1.0,2.0,1.0,1,2,2.0,2.0,5,2,0.0,1.0,2.0,0.0,0,0.0,0,1,2.0,3.0,2.0,0.2857142857142857,2.0
84.0,1,4.0,5,2,1,4,2,3,2,2.0,2.0,2,5,1.0,1.0,2.0,300.0,4.0,0.0,3009.0,2,2,1,1,2,90000.0,1.0,2.0,2.0,4.0,2.0,2.0,2.0,1.0,1,1,2.0,1.0,5,2,0.0,1.0,1.0,2.0,1,0.0,0,1,1.0,2.0,2.0,0.8,0.8
84.0,1,5.0,5,5,1,4,3,3,2,3.0,2.0,2,4,1.0,1.0,2.0,500.0,2.0,0.0,2900.0,3,2,1,1,1,150000.0,1.0,2.0,2.0,4.0,2.0,1.0,1.0,1.0,1,1,2.0,1.0,5,2,0.0,1.0,1.0,2.0,1,0.0,1,1,2.0,2.0,2.0,0.8,0.8
84.0,1,3.0,5,7,4,5,5,6,1,2.0,2.0,1,2,1.0,1.0,2.0,4000.0,2.0,7500.0,5000.0,2,1,1,1,1,150000.0,2.0,3.0,3.0,2.0,2.0,1.0,1.0,1.0,1,1,1.0,1.0,5,2,1.0,1.0,1.0,5.0,0,0.0,0,0,1.0,3.0,1.0,0.3333333333333333,1.6666666666666667
84.0,1,3.0,5,4,1,11,2,3,2,2.0,2.0,2,5,1.0,10.0,2.0,2000.0,2.0,0.0,5000.0,2,2,2,1,1,45000.0,2.0,3.0,2.0,2.0,2.0,1.0,2.0,1.0,1,1,2.0,1.2,5,2,0.0,1.0,1.2,2.0,1,0.0,0,1,1.0,3.0,2.0,0.16666666666666666,3.6666666666666665
84.0,1,4.0,5,1,1,12,3,3,2,3.0,3.0,2,5,1.0,12.0,2.0,2500.0,2.0,0.0,6000.0,2,2,2,2,2,60000.0,1.0,2.0,2.0,4.0,2.0,1.0,2.0,1.0,1,1,2.0,1.2,5,2,0.0,1.0,1.2,3.0,1,1.0,0,1,1.0,3.0,2.0,0.3076923076923077,2.4
84.0,1,4.0,5,1,1,13,2,1,2,2.0,1.0,2,5,2.0,0.0,2.0,0.0,2.0,0.0,7500.0,2,2,2,2,4,100000.0,1.0,2.0,2.0,3.0,2.0,2.0,2.0,1.0,1,1,2.0,1.2,4,2,0.0,1.0,1.2,3.0,0,0.0,0,7,1.0,3.0,2.0,0.21428571428571427,3.25
84.0,1,3.0,5,3,1,21,2,3,2,2.0,3.0,2,5,1.0,12.0,2.0,2000.0,1.0,0.0,4000.0,2,1,2,1,4,50000.0,1.0,3.0,2.0,2.0,2.0,1.0,2.0,1.0,1,1,2.0,1.2,5,2,0.0,1.0,1.0,12.0,5,0.0,1,1,2.0,3.0,2.0,0.09090909090909091,7.0
84.0,1,2.0,5,2,1,6,2,4,1,1.0,2.0,1,5,1.0,12.0,2.0,1500.0,1.0,7000.0,3500.0,2,1,1,1,3,40000.0,2.0,2.0,2.0,2.0,2.0,1.0,2.0,1.0,1,1,2.0,0.5,5,2,1.0,1.0,0.2,1.0,1,0.0,0,0,1.0,2.0,2.0,0.2857142857142857,2.0
84.0,1,6.0,5,2,1,20,1,3,2,2.0,1.0,2,5,2.0,0.0,2.0,0.0,2.0,0.0,30000.0,2,2,1,1,3,25000.0,1.0,2.0,2.0,2.0,2.0,2.0,2.0,1.0,1,1,2.0,1.2,4,1,0.0,1.0,1.2,0.0,0,0.0,0,1,1.0,3.0,2.0,0.09523809523809523,6.666666666666667
84.0,1,3.0,5,5,4,3,5,6,1,1.0,3.0,1,2,1.0,8.0,2.0,2000.0,1.0,5000.0,5000.0,2,1,1,1,2,90000.0,1.0,3.0,3.0,4.0,1.0,1.0,1.0,1.0,1,1,1.0,1.2,5,2,0.0,1.0,1.0,3.0,0,0.0,0,0,1.0,5.0,1.0,1.0,0.6
84.0,1,4.0,5,3,1,32,5,2,1,2.0,2.0,1,5,1.0,9.0,2.0,0.0,1.0,5000.0,5000.0,2,2,2,2,3,60000.0,1.0,2.0,2.0,3.0,1.0,1.0,1.0,1.0,2,1,1.0,1.0,4,2,1.0,2.0,3.0,5.0,4,1.0,0,2,1.0,2.0,1.0,0.09090909090909091,8.0
84.0,1,3.0,5,2,1,4,1,4,2,2.0,1.0,2,4,1.0,8.0,2.0,3000.0,2.0,0.0,3500.0,3,2,1,1,4,30000.0,1.0,1.0,2.0,2.0,2.0,1.0,2.0,1.0,1,1,1.0,1.2,5,2,0.0,1.0,1.2,4.0,0,0.0,0,5,2.0,2.0,2.0,0.4,1.3333333333333333
84.0,1,2.0,5,3,1,4,1,4,2,2.0,2.0,1,4,1.0,3.0,2.0,4000.0,2.0,6000.0,6000.0,3,2,1,1,2,25000.0,2.0,3.0,2.0,3.0,2.0,1.0,2.0,1.0,1,1,2.0,1.0,5,2,0.0,1.0,1.0,1.0,1,0.0,0,0,1.0,3.0,2.0,0.6,1.0
84.0,1,3.0,5,3,1,21,2,3,2,2.0,2.0,2,5,1.0,3.0,2.0,2000.0,2.0,0.0,9000.0,2,1,1,1,2,50000.0,2.0,3.0,2.0,6.0,2.0,1.0,2.0,1.0,1,1,2.0,1.2,4,2,0.0,1.0,1.2,2.0,0,0.0,0,5,2.0,2.0,2.0,0.2727272727272727,3.0
84.0,1,2.0,5,3,1,6,2,4,2,2.0,3.0,1,4,1.0,6.0,2.0,4000.0,2.0,6000.0,2500.0,3,2,1,1,2,45000.0,2.0,3.0,2.0,2.0,2.0,1.0,2.0,1.0,1,1,2.0,1.0,5,2,0.0,1.0,1.0,2.0,0,0.0,0,0,1.0,3.0,2.0,0.2857142857142857,2.0
84.0,1,2.0,5,3,1,5,1,4,2,2.0,2.0,1,3,1.0,12.0,2.0,0.0,2.0,3200.0,1500.0,3,2,1,1,2,45000.0,2.0,3.0,2.0,3.0,2.0,1.0,2.0,1.0,1,1,2.0,1.2,5,1,0.0,1.0,1.2,5.0,0,0.0,0,0,1.0,3.0,2.0,0.5,1.25
84.0,1,3.0,5,3,2,5,1,4,2,2.0,1.0,2,3,1.0,1.0,2.0,0.0,2.0,3000.0,4000.0,3,1,1,1,1,60000.0,1.0,1.0,2.0,4.0,2.0,1.0,1.0,1.0,1,1,2.0,1.0,5,1,0.0,1.0,1.0,2.0,3,0.0,0,1,1.0,2.0,2.0,0.6666666666666666,1.0
84.0,1,3.0,5,4,1,12,2,3,1,1.0,3.0,1,4,1.0,0.0,2.0,0.0,1.0,0.0,12000.0,3,2,1,2,3,40000.0,1.0,2.0,1.0,4.0,1.0,1.0,1.0,1.0,1,1,1.0,1.2,4,1,0.0,1.0,1.2,4.0,0,0.0,0,1,1.0,4.0,2.0,0.3076923076923077,2.4
84.0,1,3.0,5,4,1,21,2,3,1,2.0,2.0,2,4,1.0,0.0,2.0,0.0,1.0,0.0,20000.0,3,2,1,2,3,60000.0,4.0,2.0,2.0,5.0,2.0,1.0,2.0,1.0,1,1,3.0,1.4,4,1,0.0,1.0,1.6,3.0,0,0.0,0,1,1.0,2.0,2.0,0.22727272727272727,3.5
84.0,1,6.0,6,1,1,20,1,1,2,2.0,3.0,2,5,2.0,0.0,2.0,0.0,2.0,0.0,4000.0,2,2,2,2,3,100000.0,1.0,1.0,1.0,10.0,2.0,2.0,2.0,2.0,1,1,3.0,1.2,4,1,2.0,1.0,1.0,10.0,3,0.0,1,2,1.0,3.0,2.0,0.47619047619047616,1.8181818181818181
84.0,1,3.0,6,3,1,10,2,3,2,2.0,3.0,2,5,2.0,0.0,2.0,0.0,2.0,0.0,18000.0,2,2,1,1,1,60000.0,1.0,3.0,2.0,10.0,1.0,1.0,2.0,1.0,1,1,2.0,1.0,5,2,1.0,1.0,1.0,2.0,6,0.0,5,7,1.0,3.0,1.0,0.9090909090909091,0.9090909090909091
84.0,1,4.0,6,4,1,34,4,3,1,3.0,3.0,1,5,1.0,4.5,2.0,20000.0,1.0,0.0,22000.0,2,1,1,2,3,180000.0,2.0,2.0,1.0,9.0,1.0,1.0,2.0,1.0,1,1,2.0,1.2,5,2,0.0,1.0,1.0,3.0,2,0.0,1,2,1.0,3.0,1.0,0.2571428571428571,3.4
84.0,1,3.0,6,2,1,12,3,3,1,1.0,3.0,2,4,1.0,2.0,2.0,1500.0,2.0,0.0,9000.0,3,1,2,1,2,15000.0,1.0,2.0,2.0,5.0,2.0,2.0,2.0,1.0,1,1,2.0,0.5,5,2,0.0,1.0,0.5,4.0,0,3.0,0,1,1.0,3.0,2.0,0.38461538461538464,2.0
84.0,1,3.0,6,1,1,14,4,3,1,2.0,2.0,2,4,2.0,0.0,2.0,0.0,2.0,0.0,4500.0,3,2,1,1,2,90000.0,2.0,2.0,2.0,2.0,2.0,2.0,2.0,1.0,2,1,2.0,0.5,5,2,0.0,1.0,0.5,4.0,0,0.0,2,1,1.0,3.0,2.0,0.13333333333333333,4.666666666666667
84.0,1,2.0,6,3,1,12,2,1,1,2.0,3.0,2,5,1.0,3.0,2.0,4000.0,2.0,0.0,20000.0,2,2,1,1,5,60000.0,2.0,2.0,2.0,3.0,2.0,2.0,2.0,2.0,2,1,2.0,1.2,4,2,0.0,1.0,1.2,2.0,0,0.0,0,1,1.0,3.0,2.0,0.23076923076923078,3.0
84.0,1,2.0,6,3,1,12,1,3,1,2.0,2.0,2,4,1.0,3.0,2.0,1000.0,2.0,0.0,10000.0,3,2,1,1,3,60000.0,1.0,2.0,1.0,2.0,2.0,2.0,2.0,2.0,3,1,2.0,1.0,4,1,0.0,1.0,1.2,0.0,0,0.0,0,1,2.0,3.0,2.0,0.15384615384615385,4.0
84.0,1,4.0,6,3,1,9,3,1,1,2.0,3.0,2,5,1.0,3.0,2.0,1000.0,2.0,0.0,11000.0,2,2,1,1,2,60000.0,2.0,2.0,2.0,2.0,2.0,2.0,2.0,2.0,2,1,2.0,1.2,4,2,0.0,1.0,1.0,5.0,1,0.0,0,1,2.0,3.0,2.0,0.2,3.0
84.0,1,4.0,6,3,1,20,4,3,1,1.0,3.0,2,5,2.0,0.0,2.0,0.0,2.0,0.0,6000.0,2,2,1,1,3,120000.0,2.0,2.0,2.0,6.0,2.0,2.0,2.0,1.0,1,1,2.0,0.5,5,1,3.0,1.0,1.0,5.0,0,0.0,0,8,1.0,3.0,2.0,0.2857142857142857,2.857142857142857
84.0,1,6.0,6,4,1,14,1,3,1,2.0,3.0,2,5,1.0,0.0,2.0,500.0,2.0,0.0,3000.0,2,2,1,1,2,50000.0,2.0,2.0,2.0,6.0,2.0,2.0,2.0,1.0,1,1,2.0,0.5,5,1,2.0,1.0,0.5,6.0,3,0.0,0,8,1.0,3.0,2.0,0.4,2.0
84.0,1,3.0,6,3,1,10,3,1,1,2.0,2.0,2,5,1.0,2.0,2.0,1000.0,2.0,0.0,3000.0,2,2,1,1,2,200000.0,1.0,2.0,2.0,10.0,2.0,2.0,2.0,2.0,3,1,2.0,1.2,4,1,1.0,1.0,1.0,5.0,1,0.0,0,5,1.0,3.0,2.0,0.9090909090909091,0.9090909090909091
84.0,1,3.0,6,3,1,3,1,4,1,2.0,1.0,1,3,1.0,0.0,2.0,0.0,1.0,0.0,2000.0,3,1,1,1,1,60000.0,2.0,3.0,2.0,3.0,1.0,1.0,2.0,1.0,2,1,1.0,1.0,5,2,0.0,1.0,1.0,0.0,2,0.0,0,0,1.0,3.0,1.0,0.75,0.75
84.0,1,2.0,6,3,1,6,1,3,1,1.0,2.0,2,5,2.0,0.0,2.0,0.0,2.0,0.0,9000.0,2,2,2,2,3,105000.0,1.0,2.0,1.0,2.0,2.0,2.0,2.0,2.0,3,1,2.0,1.2,5,2,1.4,1.0,1.0,2.0,0,0.0,0,1,1.0,3.0,2.0,0.2857142857142857,2.0
84.0,1,2.0,6,3,1,7,2,3,1,2.0,2.0,2,4,1.0,2.0,2.0,1500.0,2.0,0.0,5000.0,3,2,2,2,5,60000.0,1.0,2.0,1.0,2.0,2.0,2.0,2.0,2.0,3,1,2.0,1.0,5,2,0.0,1.0,1.2,3.0,0,0.0,0,1,1.0,3.0,2.0,0.25,2.3333333333333335
84.0,1,6.0,6,1,1,11,1,1,1,2.0,2.0,2,5,2.0,0.0,2.0,0.0,2.0,0.0,6000.0,2,2,1,1,3,120000.0,2.0,2.0,1.0,5.0,2.0,2.0,2.0,1.0,2,1,2.0,1.0,4,1,1.0,1.0,0.2,3.0,0,0.0,0,2,1.0,2.0,2.0,0.4166666666666667,1.8333333333333333
84.0,1,4.0,6,3,1,19,3,1,2,2.0,3.0,2,5,1.0,1.0,2.0,1000.0,2.0,0.0,5000.0,2,2,1,1,5,60000.0,1.0,2.0,2.0,8.0,2.0,2.0,2.0,2.0,3,1,2.0,1.2,4,2,1.0,1.0,1.2,6.0,0,0.0,2,1,1.0,4.0,2.0,0.4,2.111111111111111
84.0,1,5.0,6,2,1,23,4,3,1,2.0,2.0,2,4,2.0,0.0,2.0,0.0,2.0,0.0,4000.0,3,2,1,1,1,200000.0,1.0,2.0,2.0,7.0,1.0,1.0,2.0,1.0,2,1,2.0,2.0,4,2,0.0,1.0,2.0,8.0,8,0.0,1,1,1.0,3.0,2.0,0.2916666666666667,2.875
84.0,1,4.0,6,3,1,15,5,1,1,2.0,3.0,2,4,1.0,2.0,2.0,2000.0,2.0,0.0,5000.0,3,2,1,1,2,120000.0,2.0,2.0,2.0,2.0,1.0,2.0,2.0,1.0,1,1,2.0,1.2,4,2,0.0,1.0,1.2,4.0,0,0.0,0,1,1.0,3.0,2.0,0.125,5.0
84.0,1,4.0,6,1,1,15,1,3,1,2.0,3.0,1,4,1.0,2.0,2.0,1000.0,2.0,0.0,3000.0,3,1,1,1,4,60000.0,2.0,3.0,2.0,5.0,1.0,2.0,2.0,1.0,1,1,2.0,0.5,5,1,3.0,1.0,0.5,3.0,0,0.0,1,3,1.0,3.0,2.0,0.3125,2.5
84.0,1,5.0,6,2,1,15,2,3,1,1.0,3.0,1,4,1.0,0.0,2.0,0.0,2.0,0.0,9000.0,3,1,1,1,4,60000.0,2.0,3.0,2.0,4.0,1.0,1.0,2.0,1.0,1,1,2.0,1.0,0,1,0.0,1.0,1.0,3.0,0,0.0,0,1,1.0,3.0,2.0,0.25,3.0
84.0,1,5.0,6,2,1,12,1,3,2,3.0,2.0,2,3,1.0,2.0,2.0,2000.0,1.0,4250.0,4000.0,3,2,1,1,1,40000.0,2.0,2.0,2.0,5.0,1.0,1.0,2.0,1.0,2,1,2.0,1.0,5,2,2.0,1.0,1.0,10.0,6,0.0,1,1,1.0,1.0,1.0,0.38461538461538464,2.0
84.0,1,4.0,6,3,1,4,3,4,1,2.0,2.0,1,5,1.0,0.0,1.0,2000.0,2.0,3550.0,10000.0,2,1,1,1,3,5000.0,2.0,3.0,2.0,5.0,1.0,1.0,1.0,1.0,1,1,1.0,1.0,5,2,9.0,1.0,1.0,3.0,1,0.0,0,0,1.0,2.0,1.0,1.0,0.6666666666666666
84.0,1,5.0,6,3,1,6,4,3,1,2.0,3.0,1,4,1.0,0.0,2.0,20000.0,2.0,0.0,8000.0,3,1,1,1,1,10000.0,2.0,2.0,2.0,5.0,1.0,1.0,1.0,1.0,2,1,1.0,1.5,5,1,0.0,1.0,1.5,6.0,2,0.0,0,1,2.0,3.0,2.0,0.7142857142857143,1.0
84.0,1,3.0,6,3,1,6,3,3,1,2.0,3.0,1,4,1.0,0.0,2.0,2000.0,2.0,0.0,3000.0,3,1,1,1,1,100000.0,2.0,2.0,2.0,4.0,1.0,1.0,1.0,1.0,2,1,1.0,1.5,5,2,0.0,1.0,1.5,6.0,2,0.0,0,1,2.0,3.0,1.0,0.5714285714285714,1.2
84.0,1,5.0,6,3,1,4,3,4,2,3.0,2.0,1,4,1.0,1.2,2.0,3000.0,4.0,4000.0,3000.0,3,1,1,1,1,120000.0,3.0,2.0,2.0,8.0,1.0,1.0,1.0,1.0,2,1,2.0,1.0,5,2,1.0,1.0,1.0,3.0,3,0.0,0,2,1.0,3.0,2.0,1.6,0.4444444444444444
84.0,1,3.0,6,5,4,5,2,6,1,2.0,3.0,1,2,1.0,0.0,2.0,0.0,2.0,10800.0,2000.0,2,1,1,1,1,60000.0,2.0,3.0,3.0,4.0,1.0,1.0,1.0,1.0,1,1,1.0,1.0,5,2,0.0,1.0,1.0,1.0,0,0.0,0,1,2.0,3.0,1.0,0.6666666666666666,1.0
84.0,1,3.0,6,5,4,5,7,6,1,3.0,3.0,1,2,1.0,3.0,2.0,5000.0,2.0,10800.0,1200.0,2,1,1,1,2,120000.0,2.0,3.0,2.0,3.0,1.0,1.0,2.0,1.0,1,1,2.0,1.0,5,2,0.0,1.0,1.0,2.0,0,0.0,0,0,2.0,3.0,1.0,0.5,1.25
84.0,1,5.0,6,1,1,10,1,3,1,1.0,1.0,2,5,2.0,0.0,2.0,0.0,2.0,0.0,1000.0,2,2,2,2,3,50000.0,2.0,2.0,1.0,2.0,1.0,2.0,2.0,1.0,2,1,2.0,1.0,3,1,0.0,1.0,1.2,0.0,5,1.0,0,1,1.0,1.0,2.0,0.18181818181818182,3.3333333333333335
84.0,1,2.0,6,3,1,3,1,4,2,2.0,2.0,1,4,1.0,2.0,2.0,2000.0,2.0,3000.0,6000.0,3,1,1,1,2,30000.0,1.0,2.0,2.0,3.0,1.0,1.0,1.0,1.0,3,1,2.0,1.0,0,1,0.0,1.0,2.0,1.0,1,0.0,0,0,2.0,3.0,2.0,0.75,0.75
84.0,1,4.0,6,1,1,14,2,3,1,3.0,3.0,1,5,1.0,1.0,1.0,1500.0,2.0,0.0,9000.0,2,2,1,1,2,4000.0,2.0,3.0,2.0,4.0,1.0,2.0,2.0,1.0,3,1,2.0,1.2,1,1,1.0,1.0,4.0,4.0,0,0.0,0,1,1.0,3.0,2.0,0.26666666666666666,2.8
84.0,1,5.0,6,5,1,20,3,3,2,2.0,3.0,1,5,1.0,5.0,2.0,2000.0,2.0,0.0,21500.0,2,1,1,1,1,40000.0,2.0,3.0,2.0,4.0,1.0,1.0,1.0,1.0,3,1,2.0,1.2,5,1,0.0,1.0,2.0,10.0,0,5.0,3,1,1.0,3.0,2.0,0.19047619047619047,4.0
84.0,1,5.0,6,1,1,9,2,1,2,2.0,3.0,2,4,1.0,2.0,2.0,2000.0,2.0,0.0,4000.0,3,2,1,1,2,50000.0,2.0,2.0,2.0,4.0,1.0,2.0,2.0,1.0,1,1,2.0,1.2,4,2,0.0,1.0,1.0,1.0,0,0.0,0,4,1.0,3.0,2.0,0.4,1.8
84.0,1,6.0,6,1,1,15,1,3,2,2.0,1.0,1,4,2.0,0.0,2.0,0.0,2.0,0.0,12000.0,3,2,1,1,1,90000.0,1.0,2.0,2.0,3.0,1.0,1.0,2.0,1.0,2,1,2.0,2.0,5,2,2.0,1.0,2.0,7.0,7,0.0,1,9,1.0,2.0,2.0,0.1875,3.75
84.0,1,6.0,6,1,1,20,5,1,2,2.0,3.0,2,5,1.0,1.0,1.0,4000.0,2.0,0.0,5000.0,2,2,1,1,2,20000.0,1.0,2.0,2.0,15.0,1.0,2.0,2.0,1.0,1,1,2.0,1.2,4,2,0.0,1.0,1.2,4.0,0,0.0,0,1,2.0,3.0,2.0,0.7142857142857143,1.25
84.0,1,3.0,6,4,1,5,2,4,1,2.0,2.0,1,3,1.0,0.0,2.0,0.0,2.0,1500.0,6000.0,3,1,1,1,2,50000.0,2.0,3.0,2.0,5.0,1.0,1.0,2.0,1.0,1,1,2.0,0.5,5,2,0.0,1.0,2.0,2.0,0,0.0,0,0,1.0,3.0,1.0,0.8333333333333334,0.8333333333333334
84.0,1,3.0,6,3,1,11,1,4,1,2.0,3.0,1,4,2.0,0.0,2.0,0.0,2.0,0.0,3000.0,3,2,1,1,5,150000.0,2.0,2.0,2.0,2.0,2.0,1.0,2.0,1.0,3,1,2.0,0.5,5,2,0.0,1.0,1.5,3.0,3,0.0,0,0,1.0,3.0,2.0,0.16666666666666666,3.6666666666666665
84.0,1,3.0,6,2,1,5,1,3,2,2.0,2.0,1,4,2.0,0.0,2.0,0.0,2.0,0.0,3500.0,3,1,2,2,2,5500.0,1.0,3.0,2.0,2.0,1.0,2.0,2.0,1.0,2,1,2.0,1.0,4,2,0.0,1.0,1.0,1.0,1,1.0,0,1,2.0,3.0,2.0,0.3333333333333333,1.6666666666666667
84.0,1,2.0,6,3,1,5,1,3,2,2.0,2.0,1,5,1.0,2.0,2.0,2000.0,2.0,0.0,1500.0,2,1,1,1,2,70000.0,1.0,3.0,2.0,3.0,1.0,1.0,1.0,1.0,1,1,1.0,1.2,3,2,0.0,1.0,1.2,2.0,5,1.0,0,1,2.0,3.0,2.0,0.5,1.25
84.0,1,3.0,6,2,1,8,1,4,2,2.0,3.0,2,5,1.0,2.0,1.0,2000.0,2.0,800.0,3000.0,2,2,2,1,5,50000.0,2.0,2.0,2.0,2.0,1.0,1.0,2.0,1.0,3,1,2.0,1.2,5,2,1.2,1.0,1.0,1.0,0,0.0,0,0,1.0,3.0,2.0,0.2222222222222222,2.6666666666666665
84.0,1,2.0,6,4,1,4,1,4,2,2.0,3.0,2,4,1.0,2.0,2.0,2000.0,2.0,800.0,2000.0,3,2,1,1,5,40000.0,2.0,2.0,2.0,3.0,1.0,1.0,2.0,1.0,2,1,2.0,1.2,5,2,0.0,1.0,1.2,0.0,0,0.0,0,0,2.0,3.0,2.0,0.6,1.0
84.0,1,5.0,6,2,1,10,2,3,1,2.0,3.0,1,4,1.0,2.0,2.0,1500.0,2.0,0.0,3000.0,3,2,1,1,2,40000.0,2.0,3.0,2.0,2.0,2.0,2.0,2.0,1.0,2,1,2.0,1.0,4,1,0.0,1.0,1.2,0.0,0,0.0,0,4,1.0,3.0,2.0,0.18181818181818182,3.3333333333333335
84.0,1,6.0,6,1,1,4,1,3,2,2.0,1.0,1,4,2.0,0.0,2.0,0.0,2.0,0.0,1500.0,3,2,1,1,5,21000.0,2.0,2.0,1.0,2.0,2.0,1.0,2.0,1.0,2,1,3.0,0.5,4,1,0.0,1.0,1.2,3.0,1,1.0,0,4,1.0,2.0,2.0,0.4,1.3333333333333333
84.0,1,3.0,6,2,1,19,4,3,1,1.0,3.0,1,4,1.0,3.0,2.0,1000.0,2.0,0.0,5000.0,3,1,1,1,5,60000.0,2.0,2.0,2.0,4.0,1.0,2.0,2.0,1.0,1,1,2.0,1.0,5,1,1.0,1.0,1.5,5.0,0,1.0,0,1,1.0,3.0,2.0,0.2,3.8
84.0,1,4.0,6,3,3,3,1,3,1,2.0,1.0,1,3,2.0,0.0,1.0,0.0,2.0,0.0,500.0,3,2,1,1,5,30000.0,2.0,2.0,2.0,2.0,1.0,2.0,2.0,1.0,1,1,4.0,1.0,0,1,0.0,1.0,2.0,3.0,0,0.0,0,0,1.0,3.0,2.0,0.5,1.0
84.0,1,2.0,6,1,1,2,1,1,2,2.0,3.0,2,4,1.0,1.0,2.0,1000.0,2.0,0.0,2000.0,3,2,2,1,5,30000.0,3.0,2.0,2.0,2.0,1.0,2.0,2.0,1.0,1,1,4.0,1.0,4,2,0.0,1.0,1.0,0.0,0,0.0,0,0,2.0,3.0,2.0,0.6666666666666666,0.6666666666666666
84.0,1,5.0,6,1,1,5,3,3,1,2.0,3.0,1,5,2.0,0.0,2.0,0.0,2.0,0.0,6000.0,2,2,1,1,1,60000.0,2.0,3.0,2.0,4.0,1.0,1.0,1.0,1.0,1,1,2.0,1.5,5,1,0.0,1.0,1.0,1.0,0,0.0,0,1,1.0,1.0,2.0,0.6666666666666666,1.0
84.0,1,2.0,6,3,1,13,3,1,2,2.0,3.0,2,4,1.0,1.0,2.0,2000.0,2.0,0.0,5000.0,3,2,1,1,1,20000.0,2.0,2.0,2.0,8.0,1.0,2.0,2.0,1.0,1,1,2.0,1.2,5,2,1.2,1.0,1.2,0.0,0,0.0,0,1,2.0,3.0,2.0,0.5714285714285714,1.4444444444444444
84.0,1,3.0,6,3,1,5,2,3,1,2.0,2.0,2,3,1.0,1.2,1.0,1500.0,2.0,9600.0,3500.0,3,1,1,1,1,70000.0,1.0,3.0,2.0,2.0,1.0,1.0,2.0,1.0,1,2,2.0,1.0,5,2,0.0,1.0,2.0,3.0,0,0.0,0,1,1.0,3.0,2.0,0.3333333333333333,1.6666666666666667
84.0,1,4.0,6,1,1,15,4,2,2,2.0,3.0,2,2,1.0,2.0,2.0,2000.0,2.0,17200.0,6000.0,2,2,1,1,2,100000.0,1.0,2.0,1.0,4.0,1.0,1.0,1.0,1.0,2,1,2.0,1.0,5,2,0.0,1.0,1.0,3.0,2,1.0,1,1,2.0,3.0,2.0,0.25,3.0
84.0,1,3.0,6,3,1,4,1,4,1,2.0,3.0,1,4,2.0,0.0,2.0,0.0,2.0,0.0,2700.0,3,2,1,1,5,50000.0,2.0,3.0,1.0,3.0,1.0,1.0,2.0,1.0,1,1,2.0,1.0,4,2,0.0,1.0,2.0,3.0,0,0.0,0,0,1.0,2.0,2.0,0.6,1.0
84.0,1,4.0,6,3,1,6,5,3,1,1.0,2.0,1,4,2.0,0.0,2.0,0.0,2.0,0.0,3000.0,3,1,2,1,2,150000.0,2.0,2.0,2.0,5.0,1.0,1.0,2.0,1.0,1,1,2.0,1.0,4,2,0.0,1.0,1.0,2.0,0,0.0,0,1,2.0,3.0,2.0,0.7142857142857143,1.0
84.0,1,5.0,6,4,1,23,3,3,1,2.0,3.0,1,5,1.0,3.0,2.0,0.0,4.0,0.0,3000.0,2,2,2,1,1,100000.0,1.0,2.0,2.0,4.0,1.0,1.0,1.0,1.0,1,1,2.0,1.0,5,2,0.0,1.0,1.0,4.0,3,2.0,3,1,1.0,3.0,2.0,0.16666666666666666,4.6
84.0,1,5.0,6,3,1,21,3,2,2,2.0,2.0,2,4,1.0,2.0,1.0,0.0,4.0,0.0,17000.0,3,2,1,1,1,90000.0,3.0,1.0,2.0,4.0,1.0,1.0,1.0,1.0,3,1,2.0,1.0,5,2,0.0,1.0,10.0,3.0,2,2.0,0,1,1.0,3.0,2.0,0.18181818181818182,4.2
84.0,1,2.0,1,2,2,11,6,4,2,2.0,3.0,2,4,1.0,2.0,2.0,2000.0,1.0,0.0,3800.0,3,1,1,1,2,10000.0,2.0,3.0,2.0,7.0,1.0,1.0,2.0,1.0,2,1,2.0,1.0,5,2,0.0,2.0,5.0,3.0,2,0.0,1,0,1.0,3.0,1.0,0.5833333333333334,1.375
84.0,1,2.0,6,3,1,5,2,3,1,2.0,2.0,1,5,1.0,3.0,2.0,3000.0,2.0,2400.0,2000.0,2,2,1,1,1,32000.0,1.0,2.0,2.0,4.0,2.0,1.0,2.0,1.0,3,1,2.0,2.0,4,2,0.0,2.0,3.0,0.0,0,0.0,0,0,1.0,3.0,1.0,0.6666666666666666,1.0
84.0,1,5.0,6,4,1,15,2,4,2,3.0,2.0,2,5,1.0,5.0,2.0,3000.0,2.0,5000.0,7000.0,2,1,1,1,2,75000.0,2.0,3.0,2.0,7.0,1.0,1.0,2.0,1.0,2,1,2.0,1.2,5,2,2.0,1.0,2.0,5.0,7,3.0,1,1,1.0,3.0,2.0,0.4375,1.875
84.0,1,2.0,6,4,1,21,3,3,1,3.0,3.0,1,4,1.0,2.0,2.0,2000.0,2.0,0.0,9000.0,3,1,1,1,1,8500.0,2.0,2.0,2.0,7.0,1.0,1.0,2.0,1.0,1,1,2.0,1.0,5,1,0.0,1.0,1.0,7.0,5,0.0,0,1,2.0,3.0,1.0,0.3181818181818182,2.625
84.0,1,2.0,6,6,1,10,7,3,1,1.0,3.0,2,4,1.0,0.0,2.0,5000.0,2.0,0.0,12000.0,3,1,1,1,1,9000.0,2.0,3.0,2.0,2.0,1.0,1.0,2.0,1.0,3,1,2.0,5.0,5,2,1.0,1.0,5.0,2.0,2,4.0,0,1,1.0,3.0,1.0,0.18181818181818182,3.3333333333333335
84.0,1,2.0,6,4,1,4,2,4,1,2.0,3.0,1,4,1.0,3.0,1.0,0.0,2.0,0.0,6000.0,3,1,1,1,2,60000.0,2.0,3.0,2.0,5.0,1.0,1.0,2.0,1.0,3,1,1.0,3.0,5,2,0.0,1.0,1.0,4.0,3,1.0,0,0,2.0,3.0,2.0,1.0,0.6666666666666666
84.0,1,1.0,6,5,1,10,2,4,1,2.0,3.0,1,5,1.0,0.0,2.0,800.0,1.0,2400.0,1600.0,2,1,1,1,3,60000.0,2.0,3.0,2.0,7.0,1.0,1.0,2.0,1.0,2,1,2.0,1.2,5,2,0.0,1.0,1.0,2.0,0,0.0,0,0,1.0,3.0,1.0,0.6363636363636364,1.25
84.0,1,2.0,6,4,1,4,1,4,1,1.0,2.0,2,5,1.0,2.0,2.0,5000.0,2.0,0.0,5000.0,2,1,1,1,3,15000.0,2.0,2.0,2.0,5.0,1.0,1.0,2.0,1.0,1,1,2.0,5.0,4,1,1.0,1.0,1.2,3.0,4,2.0,1,0,1.0,2.0,1.0,1.0,0.6666666666666666
84.0,1,2.0,6,3,1,8,1,3,2,3.0,3.0,2,5,1.0,0.0,2.0,2000.0,1.0,0.0,3000.0,2,1,2,1,3,20000.0,2.0,3.0,3.0,2.0,1.0,1.0,1.0,1.0,1,1,2.0,1.0,5,2,0.0,1.0,2.0,0.0,1,2.0,1,1,1.0,3.0,1.0,0.2222222222222222,2.6666666666666665
84.0,1,3.0,6,4,1,15,1,3,1,2.0,3.0,1,4,1.0,2.0,2.0,1000.0,2.0,0.0,1200.0,3,1,1,1,1,28000.0,2.0,2.0,2.0,4.0,1.0,1.0,2.0,1.0,1,1,2.0,0.5,5,2,2.0,1.0,1.0,2.0,2,0.0,0,1,1.0,3.0,1.0,0.25,3.0
84.0,1,3.0,6,2,1,17,1,1,2,2.0,3.0,2,4,2.0,1.0,1.0,2000.0,2.0,0.0,21000.0,3,2,2,1,3,30000.0,2.0,2.0,2.0,3.0,2.0,2.0,2.0,2.0,2,1,3.0,1.0,4,1,2.0,2.0,5.0,3.0,1,0.0,1,1,1.0,3.0,2.0,0.16666666666666666,4.25
84.0,1,2.0,6,4,1,15,5,3,1,2.0,3.0,2,4,2.0,3.0,2.0,3000.0,2.0,0.0,11000.0,3,1,1,1,3,100000.0,2.0,3.0,3.0,3.0,1.0,1.0,2.0,1.0,3,1,1.0,1.2,5,2,0.0,1.0,1.0,8.0,5,0.0,0,1,1.0,3.0,2.0,0.1875,3.75
84.0,1,2.0,6,4,1,2,1,4,1,2.0,3.0,2,4,1.0,3.0,2.0,2000.0,2.0,0.0,200.0,3,1,1,1,2,23000.0,2.0,3.0,2.0,4.0,1.0,1.0,2.0,1.0,2,1,2.0,1.0,5,2,0.0,1.0,1.5,0.0,1,2.0,0,0,1.0,3.0,2.0,1.3333333333333333,0.4
84.0,1,1.0,6,2,1,15,1,1,2,2.0,2.0,1,4,2.0,0.0,2.0,3000.0,2.0,0.0,18000.0,3,2,1,1,2,30000.0,1.0,2.0,1.0,5.0,1.0,2.0,2.0,1.0,2,1,3.0,1.2,4,1,0.0,1.0,1.0,2.0,0,1.0,0,1,1.0,3.0,2.0,0.3125,2.5
84.0,1,2.0,6,4,1,10,2,3,1,2.0,3.0,2,4,1.0,2.0,2.0,2000.0,2.0,0.0,5000.0,3,1,2,1,1,50000.0,2.0,3.0,2.0,3.0,2.0,1.0,2.0,1.0,1,1,1.0,2.0,5,1,1.0,1.0,1.0,4.0,2,1.0,0,1,1.0,3.0,1.0,0.2727272727272727,2.5
84.0,2,2.0,6,2,1,6,1,3,2,2.0,3.0,2,5,1.0,1.0,2.0,1000.0,2.0,0.0,5000.0,2,2,1,1,2,20000.0,2.0,3.0,2.0,5.0,1.0,1.0,2.0,1.0,1,1,3.0,1.0,5,1,0.0,1.0,1.0,3.0,0,1.0,1,1,2.0,3.0,2.0,0.7142857142857143,1.0
84.0,1,2.0,6,4,1,15,2,3,1,2.0,2.0,1,1,1.0,3.0,2.0,3000.0,2.0,0.0,5000.0,1,1,1,1,2,120000.0,3.0,3.0,2.0,5.0,1.0,1.0,1.0,1.0,2,1,1.0,5.0,5,1,0.0,1.0,7.0,0.0,0,0.0,0,1,2.0,3.0,2.0,0.3125,2.5
84.0,1,1.0,6,3,1,9,1,3,1,3.0,2.0,2,4,1.0,3.0,2.0,1500.0,2.0,0.0,9000.0,3,2,1,1,4,60000.0,2.0,2.0,2.0,7.0,1.0,1.0,2.0,1.0,3,1,2.0,2.0,5,1,0.0,1.0,1.0,1.0,0,2.0,0,1,1.0,3.0,1.0,0.7,1.125
84.0,1,1.0,6,5,4,5,3,6,1,2.0,3.0,1,3,1.0,2.0,1.0,3000.0,2.0,5040.0,1500.0,3,1,1,1,3,150000.0,2.0,3.0,3.0,5.0,1.0,1.0,2.0,1.0,1,1,1.0,3.0,5,2,0.0,1.0,5.0,2.0,0,0.0,0,0,1.0,3.0,1.0,0.8333333333333334,0.8333333333333334
84.0,1,2.0,6,1,1,4,4,4,2,2.0,3.0,1,4,1.0,4.0,2.0,2000.0,2.0,0.0,3800.0,3,1,1,1,2,100000.0,2.0,3.0,3.0,6.0,1.0,1.0,2.0,1.0,1,1,2.0,1.0,5,2,0.0,1.0,1.0,2.0,1,0.0,0,0,2.0,3.0,1.0,1.2,0.5714285714285714
84.0,1,2.0,6,7,4,7,7,6,1,2.0,3.0,1,2,1.0,4.0,2.0,5000.0,2.0,9600.0,0.0,2,1,1,1,1,130000.0,2.0,3.0,3.0,7.0,1.0,1.0,2.0,1.0,1,1,1.0,1.0,5,2,0.0,1.0,1.5,2.0,0,0.0,0,0,2.0,3.0,1.0,0.875,0.875
84.0,1,5.0,6,4,1,25,1,3,1,1.0,3.0,1,4,2.0,0.0,2.0,2000.0,2.0,0.0,4000.0,3,2,1,1,3,60000.0,2.0,3.0,2.0,13.0,1.0,1.0,2.0,2.0,2,2,2.0,1.0,5,2,0.0,1.0,0.5,10.0,9,0.0,0,1,1.0,3.0,2.0,0.5,1.7857142857142858
84.0,2,3.0,6,2,1,6,2,4,2,1.0,3.0,2,4,2.0,3.0,1.0,3000.0,1.0,11500.0,0.0,3,1,1,1,2,65000.0,1.0,2.0,2.0,3.0,1.0,1.0,2.0,1.0,1,1,1.0,4.0,5,2,0.0,1.0,4.0,2.0,1,0.0,1,1,2.0,2.0,2.0,0.42857142857142855,1.5
84.0,1,3.0,6,2,1,9,2,3,2,3.0,3.0,1,5,1.0,2.0,2.0,4000.0,2.0,0.0,9000.0,2,1,1,1,1,120000.0,2.0,3.0,2.0,8.0,1.0,1.0,2.0,1.0,1,1,2.0,1.0,5,2,0.0,1.0,1.0,6.0,1,2.0,1,1,1.0,1.0,2.0,0.8,1.0
84.0,1,1.0,6,5,4,7,3,6,1,2.0,3.0,1,2,1.0,0.0,2.0,2000.0,1.0,4550.0,3100.0,2,1,1,1,1,50000.0,1.0,3.0,2.0,3.0,1.0,1.0,2.0,1.0,1,1,2.0,3.0,5,2,0.0,2.0,1.0,4.0,0,0.0,0,0,1.0,3.0,1.0,0.375,1.75
84.0,1,6.0,6,7,4,5,7,6,1,2.0,3.0,1,3,1.0,2.0,2.0,3000.0,1.0,0.0,3000.0,3,1,1,1,1,160000.0,1.0,3.0,3.0,8.0,1.0,1.0,2.0,1.0,1,1,2.0,1.0,5,2,0.0,1.0,3.0,5.0,0,0.0,0,0,1.0,3.0,1.0,1.3333333333333333,0.5555555555555556
84.0,2,2.0,6,2,1,3,1,4,2,2.0,2.0,1,4,2.0,0.0,1.0,2000.0,2.0,2000.0,4800.0,3,2,2,2,1,30000.0,3.0,3.0,2.0,2.0,1.0,1.0,2.0,1.0,2,1,2.0,1.0,0,2,1.0,1.0,2.0,2.0,0,0.0,0,0,2.0,3.0,1.0,0.5,1.0
84.0,1,2.0,6,2,1,4,3,4,1,3.0,3.0,2,4,1.0,2.0,2.0,2500.0,2.0,0.0,3900.0,3,1,1,1,1,60000.0,2.0,3.0,3.0,4.0,1.0,1.0,1.0,1.0,1,1,1.0,1.5,5,1,2.0,1.0,3.0,7.0,3,1.0,0,0,1.0,3.0,1.0,0.8,0.8
84.0,1,2.0,6,4,1,25,7,3,1,1.0,3.0,1,4,1.0,7.0,2.0,5000.0,2.0,4000.0,5000.0,3,1,1,1,2,60000.0,2.0,3.0,3.0,12.0,1.0,1.0,1.0,1.0,1,1,1.0,1.0,5,2,5.0,1.0,1.0,1.0,1,1.0,0,2,1.0,3.0,1.0,0.46153846153846156,1.9230769230769231
84.0,1,2.0,6,2,1,15,2,3,1,1.0,3.0,2,5,1.0,5.0,1.0,5000.0,2.0,0.0,14000.0,2,1,1,2,1,60000.0,2.0,2.0,2.0,4.0,2.0,2.0,2.0,2.0,2,1,2.0,1.2,5,2,2.0,1.0,1.0,3.0,2,2.0,0,1,1.0,3.0,2.0,0.25,3.0
84.0,1,2.0,6,4,1,12,3,4,1,3.0,3.0,2,4,1.0,2.0,2.0,2000.0,2.0,4000.0,2500.0,3,1,1,1,2,5000.0,2.0,3.0,2.0,5.0,1.0,1.0,1.0,2.0,1,1,3.0,1.0,5,2,0.0,2.0,1.0,3.0,6,0.0,0,1,1.0,3.0,2.0,0.38461538461538464,2.0
84.0,1,2.0,6,2,1,15,2,3,1,1.0,2.0,2,3,2.0,12.0,1.0,2500.0,2.0,430.0,12900.0,3,2,2,1,3,49200.0,1.0,1.0,1.0,4.0,2.0,2.0,2.0,1.0,2,1,2.0,2.0,5,1,2.0,1.0,1.0,8.0,3,0.0,0,8,1.0,3.0,2.0,0.25,3.0
84.0,1,1.0,6,5,4,5,3,6,1,2.0,3.0,2,2,2.0,2.0,2.0,5000.0,1.0,5000.0,1200.0,2,1,1,1,1,45000.0,2.0,3.0,1.0,6.0,2.0,1.0,2.0,1.0,1,1,2.0,1.0,5,2,0.0,2.0,1.0,0.0,0,0.0,0,0,1.0,2.0,1.0,1.0,0.7142857142857143
84.0,1,3.0,6,2,1,3,2,4,2,2.0,2.0,1,3,1.0,2.0,1.0,3500.0,1.0,8000.0,1500.0,3,1,1,1,1,60000.0,2.0,3.0,2.0,4.0,1.0,1.0,1.0,1.0,2,1,1.0,2.0,5,2,0.0,1.0,1.0,3.0,0,0.0,1,0,2.0,2.0,2.0,1.0,0.6
84.0,1,2.0,6,5,4,5,2,6,1,1.0,3.0,1,1,2.0,5.0,2.0,3000.0,2.0,0.0,2500.0,1,2,1,1,3,65000.0,2.0,2.0,1.0,5.0,1.0,1.0,1.0,1.0,2,1,2.0,5.0,5,1,0.0,1.0,3.0,2.0,0,0.0,0,0,1.0,3.0,1.0,0.8333333333333334,0.8333333333333334
84.0,2,1.0,6,4,1,3,2,4,1,2.0,3.0,2,3,1.0,1.0,1.0,1500.0,2.0,0.0,5400.0,3,1,1,1,1,35000.0,2.0,3.0,2.0,4.0,1.0,1.0,1.0,1.0,1,1,1.0,1.0,5,1,0.0,1.0,4.0,1.0,0,0.0,1,0,2.0,3.0,1.0,1.0,0.6
84.0,1,2.0,6,4,2,23,1,3,1,3.0,3.0,1,3,1.0,12.0,2.0,10000.0,2.0,0.0,5000.0,3,1,1,2,3,35000.0,1.0,3.0,2.0,6.0,1.0,1.0,1.0,1.0,1,1,2.0,1.0,5,2,2.0,1.0,1.0,0.0,0,0.0,0,2,2.0,3.0,1.0,0.25,3.2857142857142856
84.0,1,3.0,6,3,1,7,2,3,1,2.0,3.0,2,4,1.0,2.0,2.0,3000.0,2.0,0.0,7000.0,3,1,2,1,1,45000.0,2.0,3.0,2.0,4.0,1.0,1.0,2.0,1.0,1,1,2.0,2.0,5,1,2.0,1.0,3.0,2.0,2,0.0,0,0,1.0,3.0,1.0,0.5,1.4
84.0,1,2.0,6,4,1,17,2,1,1,2.0,2.0,2,3,2.0,3.0,2.0,2000.0,2.0,0.0,20800.0,3,2,1,1,3,45000.0,1.0,2.0,1.0,4.0,2.0,2.0,1.0,1.0,2,1,2.0,2.0,4,2,0.0,1.0,2.0,10.0,5,6.0,2,1,1.0,1.0,2.0,0.2222222222222222,3.4
84.0,1,6.0,6,5,1,13,7,3,1,2.0,3.0,1,4,1.0,20.0,2.0,8000.0,1.0,0.0,15000.0,3,1,1,1,1,60000.0,2.0,3.0,2.0,12.0,2.0,1.0,2.0,1.0,1,1,2.0,2.0,5,2,0.0,1.0,1.5,0.0,10,7.0,0,1,2.0,3.0,2.0,0.8571428571428571,1.0
84.0,1,1.0,6,4,2,12,1,3,1,3.0,3.0,1,1,1.0,6.0,2.0,3000.0,2.0,0.0,15000.0,1,1,1,1,3,100000.0,1.0,3.0,2.0,4.0,1.0,1.0,2.0,1.0,2,1,1.0,2.0,5,2,0.0,1.0,2.0,7.0,3,1.0,0,1,2.0,3.0,1.0,0.3076923076923077,2.4
84.0,1,4.0,6,6,4,8,5,6,1,2.0,3.0,2,2,1.0,2.0,2.0,2000.0,2.0,2400.0,4000.0,2,1,1,1,1,100000.0,2.0,3.0,3.0,6.0,1.0,1.0,1.0,1.0,3,1,1.0,1.0,5,2,0.0,1.0,1.0,2.0,0,0.0,0,0,1.0,3.0,1.0,0.6666666666666666,1.1428571428571428
84.0,1,2.0,6,3,1,10,2,3,1,1.0,3.0,2,4,2.0,2.0,2.0,0.0,2.0,0.0,500.0,3,2,1,1,3,45000.0,1.0,2.0,2.0,4.0,1.0,1.0,1.0,1.0,1,1,2.0,1.0,5,2,2.0,1.0,2.0,4.0,2,2.0,2,1,1.0,3.0,1.0,0.36363636363636365,2.0
84.0,1,4.0,5,3,1,10,4,1,2,2.0,3.0,2,5,2.0,0.0,2.0,0.0,2.0,0.0,11000.0,2,2,1,1,3,11000.0,2.0,3.0,2.0,10.0,2.0,1.0,2.0,1.0,1,1,2.0,2.0,4,2,0.0,2.0,7.0,0.0,0,0.0,0,1,1.0,3.0,2.0,0.9090909090909091,0.9090909090909091
84.0,1,3.0,5,3,1,7,3,1,1,2.0,3.0,2,5,2.0,0.0,2.0,0.0,2.0,0.0,1200.0,2,2,1,1,3,100000.0,2.0,3.0,2.0,7.0,1.0,1.0,1.0,1.0,3,1,2.0,3.0,4,2,0.0,1.0,3.0,2.0,2,0.0,0,1,1.0,3.0,2.0,0.875,0.875
84.0,2,2.0,5,2,2,5,1,4,1,2.0,2.0,1,4,1.0,4.0,2.0,5000.0,1.0,0.0,10000.0,3,1,1,1,2,45000.0,3.0,2.0,3.0,2.0,2.0,1.0,2.0,2.0,1,1,2.0,5.0,5,2,0.0,1.0,10.0,2.0,1,0.0,0,0,1.0,2.0,2.0,0.3333333333333333,1.6666666666666667
84.0,1,2.0,5,6,4,5,4,6,1,2.0,2.0,1,2,1.0,4.0,2.0,3000.0,2.0,10000.0,1200.0,2,1,1,1,2,100000.0,2.0,3.0,3.0,3.0,2.0,2.0,1.0,1.0,2,1,4.0,1.0,5,2,0.0,1.0,1.0,2.0,0,0.0,0,0,1.0,3.0,2.0,0.5,1.25
84.0,1,3.0,5,5,4,4,3,7,1,2.0,2.0,1,3,1.0,10.0,2.0,15000.0,2.0,9000.0,4000.0,3,1,1,1,1,80000.0,2.0,3.0,3.0,4.0,1.0,2.0,2.0,1.0,3,1,1.0,2.0,5,2,0.0,1.0,4.0,0.0,0,0.0,0,0,2.0,3.0,1.0,0.8,0.8
84.0,1,3.0,5,3,1,4,2,4,2,2.0,3.0,1,2,1.0,4.0,2.0,2000.0,2.0,0.0,6000.0,2,1,1,1,3,55000.0,2.0,3.0,2.0,4.0,2.0,2.0,2.0,1.0,1,1,2.0,1.0,5,2,5.0,1.0,1.0,4.0,2,0.0,2,0,1.0,3.0,2.0,0.8,0.8
84.0,1,3.0,5,4,1,5,2,3,2,2.0,3.0,2,5,1.0,3.0,2.0,2000.0,2.0,0.0,7000.0,2,1,1,1,1,50000.0,2.0,2.0,2.0,3.0,2.0,2.0,2.0,1.0,1,1,2.0,1.0,5,2,0.0,1.0,1.0,4.0,4,0.0,0,1,1.0,3.0,1.0,0.5,1.25
